00000000  89 50 4e 47 0d 0a 1a 0a  00 00 00 0d 49 48 44 52  |.PNG........IHDR|
00000010  00 00 02 00 00 00 01 f8  08 06 00 00 00 3c 51 55  |.............<QU|
00000020  13 00 00 20 00 49 44 41  54 78 5e ec 5d 07 60 64  |... .IDATx^.].`d|
00000030  65 b5 3e 93 49 ef c9 6e  b6 f7 de 97 26 22 76 ec  |e.>.I..n....&"v.|
00000040  dd 87 a2 d8 cb c3 f2 c4  2e 4a 11 41 44 a9 2a f6  |.........J.AD.*.|
00000050  ae cf 67 ef 1d 44 c5 02  2a 58 00 81 5d b6 f7 be  |..g..D..*X..]...|
00000060  9b de cb 94 bc ef 9c 7b  ef 64 92 4d 9d cc 24 77  |.......{.d.M..$w|
00000070  e6 7e 97 0d d9 4d 66 fe  fb ff df ff cf 3d df e9  |.~...Mf......=..|
00000080  a1 7e 5c c2 8b 08 10 01  22 40 04 88 00 11 08 14  |.~\....."@......|
00000090  02 21 12 80 40 ed 37 17  4b 04 88 00 11 20 02 44  |.!..@.7.K.... .D|
000000a0  c0 10 20 01 e0 41 20 02  44 80 08 10 01 22 10 40  |.. ..A .D....".@|
000000b0  04 48 00 02 b8 e9 5c 32  11 20 02 44 80 08 10 01  |.H....\2. .D....|
000000c0  12 00 9e 01 22 40 04 88  00 11 20 02 01 44 80 04  |...."@.... ..D..|
000000d0  20 80 9b ce 25 13 01 22  40 04 88 00 11 20 01 e0  | ...%.."@.... ..|
000000e0  19 20 02 44 80 08 10 01  22 10 40 04 48 00 02 b8  |. .D....".@.H...|
000000f0  e9 5c 32 11 20 02 44 80  08 10 01 12 00 9e 01 22  |.\2. .D........"|
00000100  40 04 88 00 11 20 02 01  44 80 04 20 80 9b ce 25  |@.... ..D.. ...%|
00000110  13 01 22 40 04 88 00 11  20 01 e0 19 20 02 44 80  |.."@.... ... .D.|
00000120  08 10 01 22 10 40 04 48  00 02 b8 e9 5c 32 11 20  |...".@.H....\2. |
00000130  02 44 80 08 10 01 12 00  9e 01 22 40 04 88 00 11  |.D........"@....|
00000140  20 02 01 44 80 04 20 80  9b ce 25 13 01 22 40 04  | ..D.. ...%.."@.|
00000150  88 00 11 20 01 e0 19 20  02 44 80 08 10 01 22 10  |... ... .D....".|
00000160  40 04 48 00 02 b8 e9 5c  32 11 20 02 44 80 08 10  |@.H....\2. .D...|
00000170  01 12 00 9e 01 22 40 04  88 00 11 20 02 01 44 80  |....."@.... ..D.|
00000180  04 20 80 9b ce 25 13 01  22 40 04 88 00 11 20 01  |. ...%.."@.... .|
00000190  e0 19 20 02 44 80 08 10  01 22 10 40 04 48 00 02  |.. .D....".@.H..|
000001a0  b8 e9 5c 32 11 20 02 44  80 08 10 01 12 00 9e 01  |..\2. .D........|
000001b0  22 40 04 88 00 11 20 02  01 44 80 04 20 80 9b ce  |"@.... ..D.. ...|
000001c0  25 13 01 22 40 04 88 00  11 20 01 e0 19 20 02 44  |%.."@.... ... .D|
000001d0  80 08 10 01 22 10 40 04  48 00 02 b8 e9 5c 32 11  |....".@.H....\2.|
000001e0  20 02 44 80 08 10 01 12  00 9e 01 22 40 04 88 00  | .D........"@...|
000001f0  11 20 02 01 44 80 04 20  80 9b ce 25 13 01 22 40  |. ..D.. ...%.."@|
00000200  04 88 00 11 20 01 e0 19  20 02 44 80 08 10 01 22  |.... ... .D...."|
00000210  10 40 04 48 00 02 b8 e9  5c 32 11 20 02 44 80 08  |.@.H....\2. .D..|
00000220  10 01 12 00 9e 01 22 40  04 88 00 11 20 02 01 44  |......"@.... ..D|
00000230  80 04 20 80 9b ce 25 13  01 22 40 04 88 00 11 20  |.. ...%.."@.... |
00000240  01 e0 19 20 02 44 80 08  10 01 22 10 40 04 48 00  |... .D....".@.H.|
00000250  02 b8 e9 5c 32 11 20 02  44 80 08 10 01 12 00 9e  |...\2. .D.......|
00000260  01 22 40 04 88 00 11 20  02 01 44 80 04 20 80 9b  |."@.... ..D.. ..|
00000270  ce 25 13 01 22 40 04 88  00 11 20 01 e0 19 20 02  |.%.."@.... ... .|
00000280  44 80 08 10 01 22 10 40  04 48 00 02 b8 e9 5c 32  |D....".@.H....\2|
00000290  11 20 02 44 80 08 10 01  12 00 9e 01 22 40 04 88  |. .D........"@..|
000002a0  00 11 20 02 01 44 80 04  20 80 9b ce 25 13 01 22  |.. ..D.. ...%.."|
000002b0  40 04 88 00 11 20 01 e0  19 20 02 44 80 08 10 01  |@.... ... .D....|
000002c0  22 10 40 04 48 00 02 b8  e9 5c 32 11 20 02 44 80  |".@.H....\2. .D.|
000002d0  08 10 01 12 00 9e 01 22  40 04 88 00 11 20 02 01  |......."@.... ..|
000002e0  44 80 04 20 80 9b ce 25  13 01 22 40 04 88 00 11  |D.. ...%.."@....|
000002f0  20 01 e0 19 20 02 44 80  08 10 01 22 10 40 04 48  | ... .D....".@.H|
00000300  00 02 b8 e9 5c 32 11 20  02 44 80 08 10 01 12 00  |....\2. .D......|
00000310  9e 01 22 40 04 88 00 11  20 02 01 44 80 04 20 80  |.."@.... ..D.. .|
00000320  9b ce 25 13 01 22 40 04  88 00 11 20 01 e0 19 20  |..%.."@.... ... |
00000330  02 44 80 08 10 01 22 10  40 04 48 00 02 b8 e9 5c  |.D....".@.H....\|
00000340  32 11 20 02 44 80 08 10  01 12 00 9e 01 22 40 04  |2. .D........"@.|
00000350  88 00 11 20 02 01 44 80  04 20 80 9b ce 25 13 01  |... ..D.. ...%..|
00000360  22 40 04 88 00 11 20 01  e0 19 20 02 44 80 08 10  |"@.... ... .D...|
00000370  01 22 10 40 04 48 00 02  b8 e9 5c 32 11 20 02 44  |.".@.H....\2. .D|
00000380  80 08 10 01 12 00 9e 01  22 40 04 88 00 11 20 02  |........"@.... .|
00000390  01 44 80 04 20 80 9b ce  25 13 01 22 40 04 88 00  |.D.. ...%.."@...|
000003a0  11 20 01 e0 19 20 02 44  80 08 10 01 22 10 40 04  |. ... .D....".@.|
000003b0  48 00 02 b8 e9 5c 32 11  20 02 44 80 08 10 01 12  |H....\2. .D.....|
000003c0  00 9e 01 22 40 04 88 00  11 20 02 01 44 80 04 20  |..."@.... ..D.. |
000003d0  80 9b ce 25 13 01 22 40  04 88 00 11 20 01 e0 19  |...%.."@.... ...|
000003e0  20 02 44 80 08 10 01 22  10 40 04 48 00 02 b8 e9  | .D....".@.H....|
000003f0  5c 32 11 20 02 44 80 08  10 01 12 00 9e 01 22 40  |\2. .D........"@|
00000400  04 88 00 11 20 02 01 44  80 04 20 80 9b ce 25 13  |.... ..D.. ...%.|
00000410  01 22 40 04 88 00 11 20  01 e0 19 20 02 44 80 08  |."@.... ... .D..|
00000420  10 01 22 10 40 04 48 00  02 b8 e9 5c 32 11 20 02  |..".@.H....\2. .|
00000430  44 80 08 10 01 12 00 9e  01 22 40 04 88 00 11 20  |D........"@.... |
00000440  02 01 44 80 04 20 80 9b  ce 25 13 01 22 40 04 88  |..D.. ...%.."@..|
00000450  00 11 20 01 e0 19 20 02  44 80 08 10 01 22 10 40  |.. ... .D....".@|
00000460  04 48 00 02 b8 e9 5c 32  11 20 02 44 80 08 10 01  |.H....\2. .D....|
00000470  12 00 9e 01 22 40 04 88  00 11 20 02 01 44 80 04  |...."@.... ..D..|
00000480  20 80 9b ce 25 13 01 22  40 04 88 00 11 20 01 e0  | ...%.."@.... ..|
00000490  19 20 02 44 80 08 10 01  22 10 40 04 48 00 02 b8  |. .D....".@.H...|
000004a0  e9 5c 32 11 20 02 44 80  08 10 01 12 00 9e 01 22  |.\2. .D........"|
000004b0  40 04 88 00 11 20 02 01  44 80 04 20 80 9b ce 25  |@.... ..D.. ...%|
000004c0  13 01 22 40 04 88 00 11  20 01 e0 19 20 02 44 80  |.."@.... ... .D.|
000004d0  08 10 01 22 10 40 04 48  00 02 b8 e9 5c 32 11 20  |...".@.H....\2. |
000004e0  02 44 80 08 10 01 12 00  9e 01 22 40 04 88 00 11  |.D........"@....|
000004f0  20 02 01 44 80 04 20 80  9b ce 25 13 01 22 40 04  | ..D.. ...%.."@.|
00000500  88 00 11 20 01 e0 19 20  02 44 80 08 10 01 22 10  |... ... .D....".|
00000510  40 04 48 00 02 b8 e9 5c  32 11 20 02 44 80 08 10  |@.H....\2. .D...|
00000520  01 12 00 9e 01 22 40 04  88 00 11 20 02 01 44 80  |....."@.... ..D.|
00000530  04 20 80 9b ce 25 13 01  22 40 04 88 00 11 20 01  |. ...%.."@.... .|
00000540  e0 19 20 02 44 80 08 10  01 22 10 40 04 48 00 02  |.. .D....".@.H..|
00000550  b8 e9 5c 32 11 20 02 44  80 08 10 01 12 00 9e 01  |..\2. .D........|
00000560  22 40 04 88 00 11 20 02  01 44 80 04 20 80 9b ce  |"@.... ..D.. ...|
00000570  25 13 01 22 40 04 88 00  11 20 01 e0 19 20 02 44  |%.."@.... ... .D|
00000580  80 08 10 01 22 10 40 04  48 00 02 b8 e9 5c 32 11  |....".@.H....\2.|
00000590  20 02 44 80 08 10 01 12  00 9e 01 22 40 04 88 00  | .D........"@...|
000005a0  11 20 02 01 44 80 04 20  80 9b ce 25 13 01 22 40  |. ..D.. ...%.."@|
000005b0  04 88 00 11 20 01 e0 19  20 02 44 80 08 10 01 22  |.... ... .D...."|
000005c0  10 40 04 48 00 02 b8 e9  5c 32 11 20 02 44 80 08  |.@.H....\2. .D..|
000005d0  10 01 12 00 9e 01 22 40  04 88 00 11 20 02 01 44  |......"@.... ..D|
000005e0  80 04 20 80 9b ce 25 13  01 22 40 04 88 00 11 20  |.. ...%.."@.... |
000005f0  01 e0 19 20 02 44 80 08  10 01 22 10 40 04 48 00  |... .D....".@.H.|
00000600  02 b8 e9 5c 32 11 20 02  44 80 08 10 01 12 00 9e  |...\2. .D.......|
00000610  01 22 40 04 88 00 11 20  02 01 44 80 04 20 80 9b  |."@.... ..D.. ..|
00000620  ce 25 13 01 22 40 04 88  00 11 20 01 e0 19 20 02  |.%.."@.... ... .|
00000630  44 80 08 10 01 22 10 40  04 48 00 02 b8 e9 5c 32  |D....".@.H....\2|
00000640  11 20 02 44 80 08 10 01  12 00 9e 01 22 40 04 88  |. .D........"@..|
00000650  00 11 20 02 01 44 80 04  20 80 9b ce 25 13 01 22  |.. ..D.. ...%.."|
00000660  40 04 88 00 11 20 01 e0  19 20 02 44 80 08 10 01  |@.... ... .D....|
00000670  22 10 40 04 48 00 02 b8  e9 5c 32 11 20 02 44 80  |".@.H....\2. .D.|
00000680  08 10 01 12 00 9e 01 22  40 04 88 00 11 20 02 01  |......."@.... ..|
00000690  44 80 04 20 80 9b ce 25  13 01 22 40 04 88 00 11  |D.. ...%.."@....|
000006a0  20 01 e0 19 20 02 44 80  08 10 01 22 10 40 04 48  | ... .D....".@.H|
000006b0  00 02 b8 e9 5c 32 11 20  02 44 80 08 10 01 12 00  |....\2. .D......|
000006c0  9e 01 22 40 04 88 00 11  20 02 01 44 80 04 20 80  |.."@.... ..D.. .|
000006d0  9b ce 25 13 01 22 40 04  88 00 11 20 01 e0 19 20  |..%.."@.... ... |
000006e0  02 39 84 40 7f 7f bf 84  42 21 d1 ef 99 b8 bc b1  |.9.@....B!......|
000006f0  f5 3b 2f 22 40 04 b2 1b  01 12 80 ec de 3f ce 3e  |.;/"@........?.>|
00000700  e0 08 8c 24 f0 4d 3c 67  40 48 8f 46 2c 48 0a 02  |...$.M<g@H.F,H..|
00000710  7e 18 b9 fc ac 43 80 04  20 eb b6 8c 13 0e 2a 02  |~....C.. .....*.|
00000720  9e f0 1d 49 c3 1f 4d 00  db 7b 5d a3 c0 98 d6 01  |...I..M..{].....|
00000730  10 07 87 40 d8 9f 11 89  c4 48 e3 d0 4a 10 d4 13  |...@.....H..J...|
00000740  ca 75 67 1b 02 24 00 d9  b6 63 9c 6f a0 10 18 cd  |.ug..$...c.o....|
00000750  a4 3f 9c c0 8f c7 e3 26  e8 a3 91 b8 44 ba fb a4  |.?.....&....D...|
00000760  b7 33 22 d1 be 08 fe 1e  95 be ae 3e d1 5f f7 75  |.3"........>._.u|
00000770  47 a4 5f ff a2 02 de dc  05 8e 8c 77 48 42 48 0a  |G._........wHBH.|
00000780  8a f2 25 bf 30 4f f2 8b  c2 52 58 52 80 ef f9 52  |..%.0O...RXR...R|
00000790  50 5a 28 45 65 05 52 50  58 60 f8 e7 85 f3 86 dd  |PZ(Ee.RPX`......|
000007a0  87 a1 a4 80 64 20 50 c7  95 8b cd 32 04 48 00 b2  |....d P....2.H..|
000007b0  6c c3 38 dd dc 47 60 44  b3 fe 10 93 be be 2e 16  |l.8..G`D........|
000007c0  55 81 df 2f d1 de 98 74  b7 f7 4a 67 53 a7 f4 e0  |U../...t..JgS...|
000007d0  7b 6f 87 0a ff 3e e9 e9  ec 95 58 5f dc 04 7e 3f  |{o...>....X_..~?|
000007e0  fe 53 81 ec ea f7 23 02  a9 86 82 fe fe b8 bd 4e  |.S....#........N|
000007f0  5f 9f 57 90 27 85 a5 05  52 52 56 24 85 e5 f8 c2  |_.W.'...RRV$....|
00000800  df cb 67 94 4a 69 75 89  91 83 bc 3c bc 06 84 60  |..g.Jiu....<...`|
00000810  28 29 20 19 c8 fd b3 ca  15 66 37 02 24 00 d9 bd  |() ......f7.$...|
00000820  7f 9c 7d 8e 20 e0 09 7d  6f 39 c9 e6 fe c4 cf 20  |..}. ..}o9..... |
00000830  c0 63 91 98 f4 c7 fa a5  07 02 be ed 54 07 04 7e  |.c..........T..~|
00000840  97 09 fd 8e c6 2e 89 2b  19 50 8b 3d 04 b2 59 07  |.......+.P.=..Y.|
00000850  5c 0d 3f 1d 10 79 2e 04  25 11 12 c7 ff d5 6a 00  |\.?..y..%.....j.|
00000860  23 40 49 65 89 94 cf 2c  93 b2 da 12 a9 9c 55 8e  |#@Ie...,......U.|
00000870  7f 17 4b b8 10 a4 20 1f  a4 40 5f e0 5e 24 03 e9  |..K... ..@_.^$..|
00000880  d8 05 8e 41 04 d2 8b 00  09 40 7a f1 e4 68 44 60  |...A.....@z..hD`|
00000890  42 08 24 0b fe 64 21 e9  99 f7 55 e0 c6 fa 62 12  |B.$..d!...U...b.|
000008a0  e9 8d 4a 47 43 a7 b4 1e  6f 33 c1 df 86 bf ab 20  |..JGC...o3..... |
000008b0  56 ad db 04 3e be 06 a4  ed f0 53 18 4a 32 46 9b  |V...>.....S.J2F.|
000008c0  e8 a8 af 4d be 95 7a 0d  d4 ba 60 86 88 98 94 54  |...M..z...`....T|
000008d0  80 08 cc a9 90 aa b9 f8  9a 5d 29 85 c5 f9 20 04  |.........])... .|
000008e0  61 58 09 1c 32 30 ec 1a  dd cc 85 09 01 c7 17 13  |aX..20..........|
000008f0  01 22 30 69 04 48 00 26  0d 21 07 20 02 13 47 60  |."0i.H.&.!. ..G`|
00000900  38 c1 9f ec d3 57 4d 5f  7d f5 6d f5 1d d2 74 a8  |8....WM_}.m...t.|
00000910  45 5a 8e b5 41 eb ef 91  70 38 2c a1 30 b4 6b 08  |EZ..A...p8,.0.k.|
00000920  7c 8b e9 1b 92 ed 37 11  21 3f f1 59 27 d4 f9 d3  ||.....7.!?.Y'...|
00000930  03 03 cd e0 e0 a4 1f c6  63 71 73 4d a8 7b a0 1a  |........cqsM.{..|
00000940  44 a0 76 41 35 08 41 25  62 08 0a 2d be 60 a8 55  |D.vA5.A%b..-.`.U|
00000950  20 41 76 48 04 52 de 12  be 91 08 a4 82 00 09 40  | AvH.R.........@|
00000960  2a a8 f1 3d 44 60 12 08  0c f2 f1 9b 29 7d 40 a5  |*..=D`......)}@.|
00000970  56 bf 7d 57 6b b7 34 1c  68 32 c1 df d9 d2 2d f9  |V.}Wk.4.h2....-.|
00000980  05 d0 a0 5d 4d 7f 68 34  bf bf 52 ef 94 8d b8 ae  |...]M.h4..R.....|
00000990  07 25 03 f8 cf c8 00 c8  4c 41 49 a1 cc 98 5f 25  |.%......LAI..._%|
000009a0  b5 4b 6a a4 b2 ae 5c 8a  ca 0b 07 ac 02 b0 64 0c  |.Kj...\.......d.|
000009b0  04 24 3a 8c c6 5f eb 9a  c4 66 f3 ad 44 c0 c7 08  |.$:.._...f..D...|
000009c0  90 00 f8 78 73 38 b5 dc  42 60 24 c1 af 26 f4 ee  |...xs8..B`$..&..|
000009d0  b6 5e 69 3e d6 2a 0d fb  9b a0 ed b7 9a 20 0d 43  |.^i>.*....... .C|
000009e0  f0 2b 39 48 f8 df b3 48  43 4e b6 44 58 26 80 92  |.+9H...HCN.DX&..|
000009f0  01 58 05 d4 9d 51 31 bb  5c 66 2e a9 95 19 8b 6b  |.X...Q1.\f.....k|
00000a00  a4 54 63 06 b0 4e 33 66  0c 21 02 24 01 b9 75 fe  |.Tc..N3f.!.$..u.|
00000a10  b9 1a ff 21 40 02 e0 bf  3d e1 8c 72 0c 81 a1 51  |...!@...=..r...Q|
00000a20  fd 9e 60 53 ed b8 ab b5  07 da 7e a3 d4 ef 6b 92  |..`S......~...k.|
00000a30  f6 fa 4e a4 df 85 25 9c  1f 36 81 69 7f b2 48 e8  |..N...%..6.i..H.|
00000a40  8f b4 6d 89 35 b8 41 89  ba ee 68 5f 54 0a e1 12  |..m.5.A...h_T...|
00000a50  98 b5 6c 86 cc 5e 5e 27  25 d5 c5 09 f7 80 a6 32  |..l..^^'%......2|
00000a60  5a b6 82 5b d1 90 44 20  c7 3e 10 5c 8e 6f 10 20  |Z..[..D .>.\.o. |
00000a70  01 f0 cd 56 70 22 b9 86  c0 70 85 7b 54 98 a9 80  |...Vp"...p.{T...|
00000a80  eb 6a ee 91 53 7b eb a5  1e 1a 7f 57 73 b7 05 ca  |.j..S{.....Ws...|
00000a90  99 e0 4f 2a d8 93 6b 78  38 6a be eb 25 80 65 c3  |..O*..kx8j..%.e.|
00000aa0  21 02 31 23 3d 75 20 02  73 56 d5 59 7a 61 3e b2  |!.1#=u .sV.Yza>.|
00000ab0  08 68 11 c8 c9 dd e7 a2  7c 86 00 09 80 cf 36 84  |.h......|.....6.|
00000ac0  d3 c9 0d 04 92 b5 7e fd  bb 17 05 af 69 7b f5 fb  |......~.....i{..|
00000ad0  1b e5 e4 de 46 e9 86 e0  d7 1c 7b 13 fc 96 5a e7  |....F.....{...Z.|
00000ae0  e4 e9 07 e1 f2 d6 6a 84  08 29 04 ea 1a 50 57 c0  |......j..)...PW.|
00000af0  5c 90 80 59 2b 66 5a 6a  a1 c6 3d 0c 25 51 41 c1  |\..Y+fZj..=.%QA.|
00000b00  27 08 67 80 6b 9c 7e 04  48 00 a6 7f 0f 38 83 1c  |'.g.k.~.H....8..|
00000b10  42 20 59 60 25 9b b2 35  b8 af 7e 5f 83 9c d8 dd  |B Y`%..5..~_....|
00000b20  28 ed a7 da 1d 8d 1f 11  fd fa fa e1 72 fe 73 08  |(...........r.s.|
00000b30  92 11 97 92 bc ee 04 11  40 ba 63 51 45 91 cc 59  |........@.cQE..Y|
00000b40  59 27 75 cb 41 04 6a 4b  ed fd 86 a5 a6 3b ba 99  |Y'u.A.jK.....;..|
00000b50  06 24 02 41 38 21 5c 63  a6 11 20 01 c8 34 c2 1c  |.$.A8!\c.. ..4..|
00000b60  3f 30 08 0c d2 fa dd 1c  7d 15 5c 2d 47 db e4 d8  |?0......}.\-G...|
00000b70  f6 93 20 00 8d 28 90 13  36 93 b7 05 bc a9 45 3c  |.. ..(..6.....E<|
00000b80  40 5a ff 48 07 61 28 11  88 59 e6 40 54 2a 90 2d  |@Z.H.a(..Y.@T*.-|
00000b90  a0 44 60 36 ac 02 9a 3e  c8 20 c1 c0 7c 94 b8 d0  |.D`6...>. ..|...|
00000ba0  29 42 80 04 60 8a 80 e6  6d 72 1b 01 4f 90 c7 21  |)B..`...mr..O..!|
00000bb0  d8 ad 08 1f fe d7 d9 dc  25 27 77 d5 cb f1 9d f5  |........%'w.....|
00000bc0  12 e9 89 58 5e bc 23 f5  29 f8 87 3b 0d 0e 86 fa  |...X^.#.)..;....|
00000bd0  1b 27 00 50 03 05 f5 67  4a 00 e6 ad 99 2d 55 28  |.'.P...gJ....-U(|
00000be0  30 e4 59 03 d4 a5 12 54  cb 49 6e 7f 92 b8 ba a9  |0.Y....T.In.....|
00000bf0  44 80 04 60 2a d1 e6 bd  72 0e 81 a1 26 7f 13 4c  |D..`*...r...&..L|
00000c00  f8 af e1 40 b3 1c 79 e4  18 2a f7 c1 dc 6f 79 fc  |...@..y..*...oy.|
00000c10  4e d3 1d 6a fc 63 1f 81  e4 ac 01 6b 6c 04 22 a0  |N..j.c.....kl.".|
00000c20  25 86 e7 ae 9d 65 44 40  89 94 06 10 86 80 b5 d7  |%....eD@........|
00000c30  c4 88 2e 81 b1 71 e5 2b  88 c0 50 04 48 00 78 26  |.....q.+..P.H.x&|
00000c40  88 40 8a 08 24 9b fc 55  f3 0f 23 68 4d ab f7 1d  |.@..$..U..#hM...|
00000c50  d9 72 5c 8e ef 38 09 ad  1f 05 70 d0 51 cf 13 fc  |.r\..8....p.Q...|
00000c60  a6 db 06 24 c8 2f 45 48  07 bd 6d 20 50 50 49 40  |...$./EH..m PPI@|
00000c70  cc 7e a7 01 82 0b 37 ce  b5 20 41 eb 7c 08 6b 81  |.~....7.. A.|.k.|
00000c80  55 45 a4 2b 25 1d 90 73  8c 80 21 40 02 10 b0 0d  |UE.+%..s..!@....|
00000c90  e7 72 d3 83 40 42 f8 6b  f4 3e fe 53 cd bf f5 64  |.r..@B.k.>.S...d|
00000ca0  bb 1c 7e e8 98 34 1c 6a  b2 7f e7 e5 a3 fe 3d b5  |..~..4.j......=.|
00000cb0  fe 49 01 3e c8 1a 00 ac  a3 d1 18 02 03 cb 64 d1  |.I.>..........d.|
00000cc0  e6 79 46 06 bc 20 4a cf  25 40 82 35 29 b8 f9 e6  |.yF.. J.%@.5)...|
00000cd0  80 21 40 02 10 b0 0d e7  72 27 8f c0 80 bf 7f a0  |.!@.....r'......|
00000ce0  60 cd c9 dd f5 72 e0 3f  47 a5 5b 4b f7 7a 79 ec  |`....r.?G.[K.zy.|
00000cf0  d4 4a 27 0f b6 3b 42 32  11 88 22 53 a0 a0 a8 40  |.J'..;B2.."S...@|
00000d00  e6 af 9f 2d 0b 41 04 d4  c5 a2 2e 81 a1 69 83 69  |...-.A.......i.i|
00000d10  bb 39 07 22 02 39 8a 00  09 40 8e 6e 2c 97 95 19  |.9.".9...@.n,...|
00000d20  04 12 c2 5f 7d d0 ea d7  47 6b de 43 d0 fa d5 ec  |..._}...Gk.C....|
00000d30  1f 45 cd 7b 8d f0 a7 d6  9f 59 ec b5 6f 40 2c 02  |.E.{.....Y..o@,.|
00000d40  f3 3f be cf 5a 3a 43 96  9d bb 10 bd 05 8a 12 24  |.?..Z:C........$|
00000d50  40 ef 4e 97 40 66 f6 80  a3 e6 16 02 24 00 b9 b5  |@.N.@f......$...|
00000d60  9f 5c 4d a6 10 b0 ca bc  4e a1 1e d3 36 61 e2 8f  |.\M.....N...6a..|
00000d70  f4 46 64 ff bf 0f cb 09  44 fa ab c0 b1 9a f6 34  |.Fd.....D......4|
00000d80  f9 67 6a 07 12 e3 26 c7  5e 68 d7 c1 1a 74 1a 5c  |.gj...&.^h...t.\|
00000d90  7e de 62 27 2e c0 82 03  59 46 38 e3 9b c0 1b e4  |~.b'....YF8.....|
00000da0  04 02 24 00 39 b1 8d 5c  44 26 11 b0 48 7f b7 dd  |..$.9..\D&..H...|
00000db0  ad 67 6a d6 c2 3e bb ef  3d 20 4d 07 9b 45 e0 ea  |.gj..>..= M..E..|
00000dc0  37 f3 b3 a5 00 06 a3 92  5f 26 f1 1e cf d8 03 1a  |7......._&......|
00000dd0  7e bf 59 03 4a 6b 4a 64  e5 f9 4b a4 7a 5e 95 c4  |~.Y.JkJd..K.z^..|
00000de0  e2 31 c9 0b 69 86 00 83  03 c7 83 25 5f 13 5c 04  |.1..i......%_.\.|
00000df0  48 00 82 bb f7 5c f9 78  10 70 6b d7 ab 66 af 51  |H....\.x.pk..f.Q|
00000e00  e7 2a e8 bb d1 c0 67 d7  df f6 49 cb f1 36 a7 4d  |.*....g...I..6.M|
00000e10  2f 05 cd 78 90 4c fb 6b  92 cd fc 31 04 07 16 96  |/..x.L.k...1....|
00000e20  16 ca aa 27 2c 95 19 8b  6a 9c ca 81 6c 28 94 76  |...',...j...l(.v|
00000e30  cc 39 60 6e 21 40 02 90  5b fb c9 d5 a4 11 01 4f  |.9`n!@..[......O|
00000e40  f3 f7 cc fa 9a 6e d6 d5  d2 23 3b ef d9 27 6d 88  |.....n...#;..'m.|
00000e50  f8 d7 28 7f 0a ff 34 02  9e c2 50 c9 c1 81 6a 09  |..(...4...P...j.|
00000e60  08 a3 b7 c2 aa 27 2e 45  97 41 64 08 b0 bd 70 0a  |.....'.E.Ad...p.|
00000e70  88 f2 2d 41 42 80 04 20  48 bb cd b5 4e 1c 01 57  |..-AB.. H...N..W|
00000e80  f3 d7 80 bf 9e d6 5e 79  f4 8f bb ac 7b 5f 48 35  |......^y....{_H5|
00000e90  7f 8c c6 60 b3 89 43 9a  89 77 d8 3e 80 a0 69 4c  |...`..C..w.>..iL|
00000ea0  00 c2 33 64 f5 93 96 cb  2c f4 12 20 09 c8 04 da  |..3d....,.. ....|
00000eb0  1c 33 57 10 20 01 c8 95  9d e4 3a d2 8a 80 57 e1  |.3W. .....:...W.|
00000ec0  cf 13 f0 bd 1d bd b2 ed  4f 7b a4 bd be c3 ba f7  |........O{......|
00000ed0  e9 45 e1 9f 56 c8 27 3d  98 47 02 34 4e 43 3d 37  |.E..V.'=.G.4NC=7|
00000ee0  eb 9f b6 52 66 2e ae 65  47 c1 49 23 cb 01 72 15  |...Rf..eG.I#..r.|
00000ef0  01 12 80 5c dd 59 ae 2b  65 04 86 e6 f9 f7 75 f5  |...\.Y.+e.....u.|
00000f00  c9 a3 77 41 f8 37 a0 ac  2f 3a f8 51 f8 a7 0c 6d  |..wA.7../:.Q...m|
00000f10  c6 df 38 60 09 40 4a 66  41 be ac 7f c6 2a a9 46  |..8`.@JfA....*.F|
00000f20  96 00 fb 06 64 1c 7a de  20 0b 11 20 01 c8 c2 4d  |....d.z. .. ...M|
00000f30  e3 94 33 87 40 72 8a 99  de 25 d2 13 95 1d 77 ef  |..3.@r...%....w.|
00000f40  95 e6 23 ad 56 cf 9f 51  fe 99 c3 3e 5d 23 27 13  |..#.V..Q...>]#'.|
00000f50  38 25 01 9b 9e bb 46 ca  67 38 a5 83 bd fd e3 3e  |8%....F.g8.....>|
00000f60  a6 0b 6d 8e 93 cd 08 90  00 64 f3 ee 71 ee 69 45  |..m......d..q.iE|
00000f70  60 a8 f0 8f a1 b0 cf ee  fb 0e ca 29 54 f9 b3 80  |`..........)T...|
00000f80  3f f6 a2 4f 2b de 99 1c  2c b9 60 53 49 65 91 6c  |?..O+...,.`SIe.l|
00000f90  7a de 3a 29 2c 29 30 4b  00 cb 06 67 12 79 8e 9d  |z.:),)0K...g.y..|
00000fa0  4d 08 90 00 64 d3 6e 71  ae 19 43 60 a8 f0 d7 e6  |M...d.nq..C`....|
00000fb0  3e 5a d7 ff e0 83 47 24  0f 91 e5 14 fe 19 83 3e  |>Z....G$.......>|
00000fc0  63 03 27 48 00 02 03 ab  e6 55 ca ba 0b 56 a2 93  |c.'H.....U...V..|
00000fd0  a0 e3 c2 61 f6 46 c6 60  e7 c0 59 84 00 09 40 16  |...a.F.`..Y...@.|
00000fe0  6d 16 a7 9a 19 04 86 0a  7f 15 0e 27 f7 34 c8 f6  |m..........'.4..|
00000ff0  3f ed ce be ba fe 5a 89  30 84 88 f8 7e 14 c1 b1  |?.....Z.0...~...|
00001000  50 38 e7 32 02 e3 56 32  1c 2f 8a 43 71 c9 46 c1  |P8.2..V2./.Cq.F.|
00001010  e9 a5 72 c6 91 22 38 0f  bd 03 96 3d 66 91 d3 a4  |..r.."8....=f...|
00001020  c9 25 01 e3 c5 82 af 23  02 b9 88 00 09 40 2e ee  |.%.....#.....@..|
00001030  2a d7 34 6e 04 92 85 9c  67 1e 6e 6f e8 94 87 7e  |*.4n....g.no...~|
00001040  f5 a8 55 f8 cb 0a cd df  13 fa 9e 90 77 85 ff 88  |..U.........w...|
00001050  7e 6e 98 c1 07 a8 c1 e9  50 8d e6 1f 4f c6 cb b4  |~n......P...O...|
00001060  68 25 15 b8 9f e5 44 fa  f8 d2 79 2a 09 d0 42 41  |h%....D...y*..BA|
00001070  73 d6 cc 3a 6d a6 8c 09  f0 f1 e6 71 6a 19 43 80  |s..:m......qj.C.|
00001080  04 20 63 d0 72 60 bf 23  30 9c e6 df d7 1d 91 87  |. c.r`.#0.......|
00001090  6f df 26 dd 6d 3d be f7  15 27 97 28 b6 62 45 43  |o.&.m=...'.(.bEC|
000010a0  34 7c 13 f2 5a c6 58 bf  b9 65 8a f5 bb 7d d9 af  |4|..Z.X..e...}..|
000010b0  ac 71 81 be 0b 26 71 b7  8c b1 56 cf 53 ed 38 b9  |.q...&q...V.S.8.|
000010c0  9e 3e fe ee a8 cc 0e 21  f2 2e c3 cf f9 a1 8e 66  |.>.....!.......f|
000010d0  b7 f2 a3 20 4d ec 33 e6  a8 71 1d 67 bd 78 a3 54  |... M.3..q.g.x.T|
000010e0  d6 95 db da e3 8c 09 f0  fb c7 94 f3 cb 20 02 24  |............. .$|
000010f0  00 19 04 97 43 fb 1f 81  e4 f4 30 cd 1f df 73 df  |....C.....0...s.|
00001100  01 39 be e3 94 e5 fa fb  35 cf 7f d0 bc 86 0a 7e  |.9......5......~|
00001110  2d 5c d4 8f 4e 79 f8 13  53 41 8f 35 e9 ba e2 f0  |-\..Ny..SA.5....|
00001120  83 ab 90 2e 28 2e 44 c9  dc 02 33 83 6b c1 9c 10  |....(.D...3.k...|
00001130  6a e6 ab 00 37 4a 80 ce  86 2a 10 b5 98 4e 5f 57  |j...7J...*...N_W|
00001140  54 a2 3d 7d fa 02 2b 77  1c d6 20 48 7c d7 6a 88  |T.=}..+w.. H|.j.|
00001150  7a 69 20 9d c7 05 1c 0c  95 44 f8 97 08 24 67 06  |zi ......D...$g.|
00001160  14 57 14 cb 99 2f 58 07  2c 9c a0 40 e3 36 ec e1  |.W.../X.,..@.6..|
00001170  e0 ff 0f 2b 67 98 76 04  48 00 d2 0e 29 07 cc 06  |...+g.v.H...)...|
00001180  04 92 0b fd 98 30 c3 55  bf af d1 2a fd e5 17 e6  |.....0.U...*....|
00001190  fb b2 b1 8f 23 c4 1c 55  7c 90 e0 52 a1 af 12 5f  |....#..U|..R..._|
000011a0  ff 40 78 47 fb 62 96 f2  56 5a 55 22 05 10 f6 aa  |.@xG.b..VZU"....|
000011b0  ed 56 d4 95 d9 7b b5 5e  7e 49 55 b1 09 f4 70 51  |.V...{.^~IU...pQ|
000011c0  be 09 77 c7 1f a0 26 f2  98 44 f1 fe 78 6f 5c ba  |..w...&..D..xo\.|
000011d0  da bb 25 d2 1d 35 5c da  4e 75 d8 57 b4 37 8a 2a  |..%..5\.Nu.W.7.*|
000011e0  88 5d 46 04 f2 d1 f9 d0  7c e9 f6 c7 25 11 49 44  |.]F.....|...%.ID|
000011f0  c0 cf ae 81 58 2c 26 73  57 cf 92 15 e7 2f 75 05  |....X,&sW..../u.|
00001200  7f 52 ac 04 89 40 36 7c  7c 39 c7 34 21 40 02 90  |.R...@6||9.4!@..|
00001210  26 20 39 4c f6 21 90 dc  30 a6 a7 ab 57 ee ff d1  |& 9L.!..0...W...|
00001220  23 b6 08 3f 6a fe 03 ee  0a 47 58 7b 51 ec fa 73  |#..?j....GX{Q..s|
00001230  35 e9 47 7b 1d a1 5f 56  5d 22 b5 0b ab a5 62 56  |5.G{.._V]"....bV|
00001240  05 0a e0 54 18 09 50 73  be 73 79 9d 8d dc 7f b9  |...T..Ps.sy.....|
00001250  da ef c0 ce 79 5a bc f7  93 81 d7 6b 56 84 0a ff  |....yZ.....kV...|
00001260  96 13 ed d2 51 df 29 8d  87 9a a5 ab b5 db 08 84  |....Q.).........|
00001270  12 a6 3c 0d ae 77 dd 07  c9 ae 00 bf 61 e9 cd 47  |..<..w......a..G|
00001280  5d 01 eb 9f be 4a 66 2e  ad b5 c5 5a a3 27 97 08  |]....Jf....Z.'..|
00001290  66 df 49 e6 8c 89 40 6a  08 90 00 a4 86 1b df 95  |f.I...@j........|
000012a0  e5 08 78 1a b4 89 45 08  b7 6d 88 f8 6f 3e dc ea  |..x...E..m..o>..|
000012b0  f8 b9 fd a4 05 26 07 f8  b9 6d 89 3d 59 1e 47 07  |.....&...m.=Y.G.|
000012c0  bc 3e 08 7e 2d 50 54 bb  a0 4a 66 2d 9d 29 75 10  |.>.~-PT..Jf-.)u.|
000012d0  68 85 65 85 09 22 93 ee  6d f2 b0 d1 d2 c8 0d 07  |h.e.."..m.......|
000012e0  9a e5 24 6a 24 34 1d 6b  33 6f 40 01 52 ec d4 2a  |..$j$4.k3o@.R..*|
000012f0  e0 1a 14 ec d6 7e 4c b7  f3 48 80 5a 41 ce 79 e9  |.....~L..H.ZA.y.|
00001300  26 b8 02 60 f1 71 8d 00  be da fb 74 6f 1e c7 23  |&..`.q.....to..#|
00001310  02 43 10 20 01 e0 91 08  1c 02 a6 35 bb c1 5f ba  |.C. .......5.._.|
00001320  f8 53 fb 34 e5 6f 4f a2  c6 bf 5f 00 19 de e4 0f  |.S.4.oO..._.....|
00001330  6d 15 be fa be ee 3e f3  df cf 40 ad fb 05 1b e6  |m.....>...@.....|
00001340  48 ed a2 6a f3 cf 9b 55  23 11 98 97 a4 db a7 d0  |H..j...U#.......|
00001350  b2 78 b8 34 40 8f 7c a8  89 5f 35 66 25 21 f5 fb  |.x.4@.|.._5f%!..|
00001360  9a e4 f0 d6 e3 a8 96 88  f6 c8 05 21 13 a8 66 75  |...........!..fu|
00001370  d0 b0 03 1f 93 00 65 2a  75 cb 6b ad 71 50 f2 45  |......e*u.k.qP.E|
00001380  12 e0 97 4f 00 e7 91 69  04 48 00 32 8d 30 c7 f7  |...O...i.H.2.0..|
00001390  25 02 9e 05 40 fd e5 ff  fe c9 c3 16 1d ae 02 c1  |%...@...........|
000013a0  2f 0f ff 84 e9 dc 0d f2  f3 22 f0 23 3d 11 2b 4f  |/........".#=.+O|
000013b0  5c 33 af 42 16 9f bd 50  ea 96 cd b0 39 0f 15 fc  |\3.B...P....9...|
000013c0  99 d0 bc 9d ac 03 8d 18  74 d5 65 77 6e 46 04 80  |........t.ewnF..|
000013d0  df f1 9d f5 72 e0 3f 87  a5 b3 a9 4b 8a 4a 8b 24  |....r.?....K.J.$|
000013e0  5c 88 40 4a 6d c9 eb 53  12 a0 f3 8a 81 c0 6c 7e  |\.@Jm..S......l~|
000013f0  ee 3a a9 46 a1 20 5e 44  20 68 08 90 00 04 6d c7  |.:.F. ^D h....m.|
00001400  03 be de 44 f0 9c ab 25  ef fe fb 7e 39 b1 ab de  |...D...%...~9...|
00001410  37 82 5f b7 67 90 e6 ad  f2 53 fd eb f8 de db de  |7._.g....S......|
00001420  67 55 09 17 6d 9e 2f 4b  cf 9e 0f 01 9b 6f 41 7f  |gU..m./K.....oA.|
00001430  a6 6d ab ff dd 64 b3 9b  ce 97 e1 7d 1e 3a 47 b3  |.m...d.....}.:G.|
00001440  a8 20 1e a0 bb bd 57 f6  de b7 df c8 80 66 52 14  |. ....W......fR.|
00001450  96 6a 40 a5 3f 2d 01 5e  1a 65 49 65 b1 9c f5 a2  |.j@.?-.^.eIe....|
00001460  0d 49 b1 12 fe 21 82 19  de 46 0e 1f 70 04 48 00  |.I...!...F..p.H.|
00001470  02 7e 00 82 b8 7c 2f e0  ab 13 41 6d 0f fe 7c 8b  |.~...|/...Am..|.|
00001480  a3 d5 ba 5a ea 74 e3 91  2c 58 55 d1 d6 e0 3a 15  |...Z.t..,XU...:.|
00001490  a0 dd ad 3d 52 5a 53 22  6b 9e b2 02 2d 6e 6b 4c  |...=RZS"k...-nkL|
000014a0  e3 37 8b 05 84 ae ce 7e  aa 04 ff 50 7c 06 cd 57  |.7.....~...P|..W|
000014b0  6b 0d 58 fd 00 91 83 0f  1d 05 11 38 64 69 85 c5  |k.X........8di..|
000014c0  88 49 18 d6 12 e0 59 14  a6 11 74 cf 72 b2 e4 dc  |.I....Y...t.r...|
000014d0  85 b2 70 c3 dc 44 30 e0  74 e1 39 8d 50 f0 d6 01  |..p..D0.t.9.P...|
000014e0  44 80 04 20 80 9b 1e d4  25 27 07 fe a9 89 fc 91  |D.. ....%'......|
000014f0  3b 76 48 eb c9 36 df 08  7f 6f 5f 12 56 0a 08 53  |;vH..6...o_.V..S|
00001500  cd e3 ef 6a eb 95 ea 39  15 b2 ee e9 2b a5 62 66  |...j...9....+.bf|
00001510  b9 99 ad 55 db ce 84 99  3f d5 b3 91 9c 67 af 84  |...U....?....g..|
00001520  45 03 ec ea f7 23 ad f2  ae 5d 12 8d f4 4b 91 06  |E....#...]...K..|
00001530  26 c6 e1 66 b1 7a 01 4e  1a a3 b9 5b a6 99 04 78  |&..f.z.N...[...x|
00001540  58 e7 c3 5d 71 ce 4b 37  4b 58 fb 3e 98 35 c5 e7  |X..]q.K7KX.>.5..|
00001550  a5 0d 53 dd 28 be 8f 08  24 21 40 02 c0 e3 10 28  |..S.(...$!@....(|
00001560  04 3c ed bf f9 78 9b 6c  b9 73 87 15 cf b5 62 38  |.<...x.l.s....b8|
00001570  3e b8 86 12 14 fd 77 27  34 ff 99 8b 6a d0 d7 7e  |>.....w'4...j..~|
00001580  a5 94 a0 80 8d 9a fc 2d  d2 de 87 05 6c 92 ad 01  |.......-....l...|
00001590  4a 52 b4 15 6f e3 ae a3  f2 c8 2f b7 48 ac 7a a6  |JR..o...../.H.z.|
000015a0  14 17 03 ed 08 6a 0b b8  02 d6 2f 24 c0 4b 07 9d  |.....j..../$.K..|
000015b0  bb 6e b6 ac 78 ec 62 b6  0d f6 c1 67 81 53 98 1a  |.n..x.b....g.S..|
000015c0  04 48 00 a6 06 67 de 65  9a 11 48 16 ae 3a 95 ff  |.H...g.e..H..:..|
000015d0  a0 d6 bf 06 ab 79 d7 74  6b 7c c9 1a b4 d7 ae 56  |.....y.tk|.....V|
000015e0  cd fe d5 f3 ab 64 e3 b3  d7 48 71 45 91 59 03 54  |.....d...HqE.Y.T|
000015f0  f3 f7 b3 79 da cb 5c 50  7e a2 15 08 d5 12 70 ea  |...y..\P~.....p.|
00001600  de 2d b2 e5 ee 43 22 f3  17 4a 51 7f 9f ad c3 ab  |.-...C"..JQ.....|
00001610  19 e0 9a 5f a6 cd 12 90  38 17 98 af 6a ff 6a 05  |..._....8...j.j.|
00001620  b0 8e 81 30 00 e4 f9 84  18 4e f3 47 87 b7 cf 61  |...0.....N.G...a|
00001630  04 48 00 72 78 73 b9 b4  c1 08 98 f6 0f ed b3 f1  |.H.rxs..........|
00001640  48 8b 6c bb 6b f7 a0 54  c0 69 c5 ca ad b7 93 ac  |H.l.k..T.i......|
00001650  d5 f7 74 f4 40 e8 17 cb  19 cf 5f 27 e5 33 4a 25  |..t.@....._'.3J%|
00001660  86 d4 bf b0 cf 85 ff 80  0b c3 4b 16 40 75 41 9d  |..........K.@uA.|
00001670  77 be c8 a1 ff fb b5 ec  d8 d5 23 45 67 9f 25 79  |w.........#Eg.%y|
00001680  ad cd 5a 79 07 12 57 03  1c b4 9f 80 7a 06 a6 d7  |..Zy..W.....z...|
00001690  1d a0 e5 93 f5 6c cc 59  5d 27 2b 1e b7 34 61 05  |.....l.Y]'+..4a.|
000016a0  98 6e 62 38 ad e7 92 37  cf 79 04 48 00 72 7e 8b  |.nb8...7.y.H.r~.|
000016b0  b9 40 4f b0 5a a4 3a 52  d6 54 fb 6f 6f e8 48 f8  |.@O.Z.:R.T.oo.H.|
000016c0  79 a7 fb 21 6f 75 f8 bd  6a b4 90 83 31 ad ea 07  |y..!ou..j...1...|
000016d0  13 fa 19 88 4c af 5d 50  0d e1 1f 83 ac f4 6f 6f  |....L.]P......oo|
000016e0  82 e1 4e 58 c2 1d 00 41  6f b2 be ad 49 1e fd d0  |..NX...Ao...I...|
000016f0  17 e4 68 15 ac 19 e7 9f  27 79 a7 8e a1 4c 00 fa  |..h.....'y...L..|
00001700  0c 68 f5 bd 81 2a 3c d3  72 58 13 e7 03 f3 2c 28  |.h...*<.rX....,(|
00001710  0e cb d9 ff b5 d1 e9 13  a0 0d 92 dc 98 85 69 99  |..............i.|
00001720  18 6f 4a 04 32 8c 00 09  40 86 01 e6 f0 fe 40 c0  |.oJ.2...@.....@.|
00001730  a2 e6 71 b5 9d ea 94 ad  bf db e1 f8 d2 b5 0e fe  |..q.............|
00001740  34 5f 26 28 f1 9f 69 a0  9a 4f 8f 79 f6 a0 13 e1  |4_&(..i..O.y....|
00001750  b2 f3 96 c8 8a f3 e0 8f  d6 34 3f 54 fa 73 94 e4  |.........4?T.s..|
00001760  ec 0a 4c 4b 90 00 90 99  7e a4 04 f6 3d f8 90 3c  |..LK....~...=..<|
00001770  f8 8a 2b a4 e7 b5 ef 96  82 b3 37 88 1c 3d e2 68  |..+.......7..=.h|
00001780  fe 6e 09 e1 c4 56 4c d3  3a fb 8d a9 e4 c9 fc b5  |.n...VL.:.......|
00001790  b3 64 d9 b9 4e 2c 00 cb  03 4f f3 07 84 b7 cf 28  |.d..N,...O.....(|
000017a0  02 24 00 19 85 97 83 fb  01 01 15 44 9a 86 a6 02  |.$.........D....|
000017b0  ff 11 04 fe b5 22 00 d0  bb fc 20 54 2d 45 ce ed  |.....".... T-E..|
000017c0  a4 a7 5d f8 ca 6a 8a e5  ec 97 6c 76 3b f6 a5 3f  |..]..j....lv;..?|
000017d0  22 7d 50 0e bf 0b 44 a6  32 0a 1c 82 03 ab 06 82  |"}P...D.2.......|
000017e0  ff c2 85 05 72 e2 c6 cf  ca d6 cf 7e 59 0a 3f f8  |....r......~Y.?.|
000017f0  65 09 2d 5d 2c fd c7 0e  3b 6d 97 95 04 58 de a3  |e.-],...;m...X..|
00001800  6b 11 98 62 12 e0 59 01  b4 e7 41 09 e2 2d ce 84  |k..b..Y...A..-..|
00001810  f5 45 1b 1e 79 1d 0f fd  70 4e fc f0 59 e2 1c 72  |.E..y...pN..Y..r|
00001820  0b 01 12 80 dc da 4f ae  66 08 02 ce 83 dd 0a ea  |......O.f.......|
00001830  4b 0f ea d7 ab f9 5f bb  da f9 43 fb d7 c9 0e 54  |K....._...C....T|
00001840  ca d3 c8 f9 be ee 88 f9  fd eb 96 ce 48 6b 4e 7a  |............HkNz|
00001850  b2 49 1e e6 06 58 dd 1d  8b 88 5a 1f cc 05 61 16  |.I...X....Z...a.|
00001860  06 6d ed 87 9f a8 40 4e  63 41 21 a7 37 00 ee 02  |.m....@NcA!.7...|
00001870  12 10 42 61 83 07 37 9c  25 ad 3d 79 52 78 ed 97  |..Ba..7.%.=yRx..|
00001880  a5 7f f6 1c 58 02 0e c3  ca a1 c2 d6 b5 70 4c 63  |....X........pLc|
00001890  3c 80 06 2e 6a 96 c5 d2  c7 2c 94 79 6b 67 fb 27  |<...j....,.ykg.'|
000018a0  4e 84 9f 6c 22 90 01 04  48 00 32 00 2a 87 f4 17  |N..l"...H.2.*...|
000018b0  02 9e 29 77 ef 7d 07 e5  d8 ce 53 08 40 73 34 ee  |..)w.}....S.@s4.|
000018c0  e9 d7 ea 10 24 a7 96 09  35 fd 43 40 46 ba 22 52  |....$...5.C@F."R|
000018d0  85 92 b4 67 bf 78 83 d3  8e d8 ed e2 37 99 79 26  |...g.x......7.y&|
000018e0  0b fe 7e ad 1f 80 d4 bc  84 a0 1d 61 9b e2 7d 11  |..~........a..}.|
000018f0  09 c1 64 9f 36 22 e0 e6  fa c7 11 cb a0 c4 ab fe  |..d.6"..........|
00001900  07 bf 93 47 5e f1 1c 29  5a f5 14 09 5d 75 8b c4  |...G^..)Z...]u..|
00001910  eb 66 1b 09 80 ca ed 29  dc d3 12 14 98 88 05 40  |.f.....).......@|
00001920  e0 a2 b6 4f 3e f3 45 eb  6d 7f 58 17 c0 5f 9f 67  |...O>.E.m.X.._.g|
00001930  ce 26 7d 08 90 00 a4 0f  4b 8e e4 33 04 92 53 ff  |.&}.....K..3..S.|
00001940  34 a8 ee 3f bf 44 ea 1f  52 eb b4 69 ce 64 84 6a  |4..?.D..R..i.d.j|
00001950  ba 96 e9 c4 be c1 c7 0f  cd 3b 06 5f 7f 1f 5a 12  |.........;._..Z.|
00001960  6f 7e ee 7a 99 b5 62 40  fb 4f f5 5e c9 19 05 fd  |o~.z..b@.O.^....|
00001970  51 e4 de 83 64 a8 40 8f  47 22 d2 f9 9f 1d d2 b9  |Q...d.@.G"......|
00001980  63 8f 74 ef de 27 d1 ce  2e 09 17 17 49 d9 1a d4  |c.t..'......I...|
00001990  19 58 b1 4c ca 36 ad 94  70 79 a9 59 05 fa 51 df  |.X.L.6..py.Y..Q.|
000019a0  5f 09 43 3a 6a 0e 24 f6  02 c5 80 74 dd 0f 9c f3  |_.C:j.$....t....|
000019b0  02 e9 78 f8 4e 29 5c f5  74 91 2b 6f 90 18 48 40  |..x.N)\.t.+o..H@|
000019c0  1e dc 01 fd 05 85 8e 2b  c0 31 49 4c 4b 7a a0 c6  |.......+.1ILKz..|
000019d0  5d 68 43 a3 75 cf 58 25  95 b3 ca 13 5d 94 fd 70  |]hC.u.X%....]..p|
000019e0  66 52 3d 0f 7c 1f 11 18  0e 01 12 00 9e 8b 9c 46  |fR=.|..........F|
000019f0  c0 f3 af 37 1c 68 92 dd  7f db 2f da fc c7 1f e6  |...7.h..../.....|
00001a00  7f 35 c3 0f b8 bc 23 88  fc 2f af 56 df ff 26 67  |.5....#../.V..&g|
00001a10  7e 09 6b f8 c4 03 ff 92  cd f7 f1 5e f4 0f 28 2a  |~.k........^..(*|
00001a20  94 58 67 b7 9c fa d1 6f  a4 fe 67 bf 95 8e 5d 0f  |.Xg....o..g...].|
00001a30  49 1f 52 21 63 5d dd 0e  01 91 3c c9 2b 2d 95 f0  |I.R!c]....<.+-..|
00001a40  dc 72 a9 5c b5 41 66 bd  f8 f9 32 e3 25 cf 91 c2  |.r.\.Af...2.%...|
00001a50  19 d5 a2 ef 0f c1 77 9f  ae 18 01 c7 0a 10 96 03  |......w.........|
00001a60  d7 7e 56 76 df f0 21 29  8e e6 49 78 f5 d9 12 07  |.~Vv..!)..Ix....|
00001a70  09 e8 07 09 08 c1 12 30  9d 24 c0 88 8a 9b 96 39  |.......0.$.....9|
00001a80  6b f9 0c eb 14 e8 15 5f  ca e9 0f 0a 17 17 48 04  |k......_......H.|
00001a90  48 00 02 b9 ed c1 58 74  72 f0 df b6 3f ee 92 86  |H.....Xtr...?...|
00001aa0  83 cd be 49 fd 33 dd 5f  5b f7 aa df 1d fe 78 6d  |...I.3._[.....xm|
00001ab0  a2 b3 fc 71 4b 64 f9 b9  8b 26 15 7d ee 05 dd 59  |...qKd...&.}...Y|
00001ac0  e4 83 0a 7f 68 f7 ad 7f  bd 5f f6 dd f0 71 69 be  |....h...._...qi.|
00001ad0  e7 2f 12 ef 82 00 0e e5  23 20 af 54 42 05 25 26  |./......# .TB.%&|
00001ae0  8c 35 fa 3d 16 e9 96 58  5f a7 53 ae b7 28 4f aa  |.5.=...X_.S..(O.|
00001af0  1e 77 8e 2c 7d cf 65 32  e3 85 4f 11 73 09 c0 12  |.w.,}.e2..O.s...|
00001b00  30 59 12 60 fb e1 06 05  76 c1 02 f1 ef 73 5f 20  |0Y.`....v....s_ |
00001b10  a1 08 2c ff 7d 4d 22 ab  36 4b ff 95 37 4a ff 2c  |..,.}M".6K..7J.,|
00001b20  90 80 23 20 01 85 d3 67  09 d0 39 aa 45 a6 bc b6  |..# ...g..9.E...|
00001b30  44 ce 78 c1 7a a7 4d b4  2f 5c 46 c1 f8 dc 72 95  |D.x.z.M./\F...r.|
00001b40  53 87 00 09 c0 d4 61 cd  3b 4d 31 02 5e 89 d7 de  |S.....a.;M1.^...|
00001b50  ce 08 ea fe 6f 93 6e a4  d7 d9 c3 dc 07 57 b2 59  |....o.n......W.Y|
00001b60  5d 85 8d ba 28 ce 82 ef  bf 72 76 85 99 df 53 ce  |]...(....rv...S.|
00001b70  3f 57 21 ab e4 02 a6 fe  30 84 e8 89 af fe 4c 76  |?W!.....0.....Lv|
00001b80  7d ec 83 d2 73 f0 a8 14  95 d4 49 7e 29 da de e6  |}...s.....I~)...|
00001b90  41 a3 07 e9 f0 02 01 1d  6b bb 46 e2 83 8c c4 a3  |A.......k.F.....|
00001ba0  12 ed 6a 97 48 77 bd e4  cf aa 96 a5 ef ba 52 16  |..j.Hw........R.|
00001bb0  5d f5 16 1b 4f c9 82 99  c1 27 11 a1 3f 40 02 42  |]...O....'..?@.B|
00001bc0  f2 e0 f9 17 49 db bf ee  97 82 aa 6a 09 b5 1c 15  |....I......j....|
00001bd0  59 09 12 70 95 47 02 0e  81 04 14 4d 9b 3b 40 83  |Y..p.G.....M.;@.|
00001be0  01 d5 0d b0 f2 09 4b 51  8a b9 d6 71 83 90 04 f8  |......KQ...q....|
00001bf0  e0 93 c3 29 a4 13 01 12  80 74 a2 c9 b1 7c 83 c0  |...).....t...|..|
00001c00  80 29 37 24 a7 f6 d4 cb  de 7f 1c 34 f3 bf d3 ad  |.)7$.......4....|
00001c10  6e e2 66 f5 74 2f cc 0b  4c d4 79 46 61 fe 2f 43  |n.f.t/..L.yFa./C|
00001c20  b5 bf 73 2e dc 38 a9 c0  bf 44 2a 1b 34 f6 30 cc  |..s..8...D*.4.0.|
00001c30  fe 47 3e fd 7f b2 eb ea  cb 25 de 11 95 e2 19 8b  |.G>......%......|
00001c40  2c 02 1f 9d 79 dc a8 7f  a5 18 09 6b b7 9b 07 e0  |,...y......k....|
00001c50  10 0f d4 c4 b5 df f4 36  1f 81 83 a0 57 56 7c e8  |.......6....WV|.|
00001c60  7a 59 72 ed db 61 09 80  3b a0 40 7f 37 b9 00 ca  |zYr..a..;.@.7...|
00001c70  7e b8 01 34 ea 7f df 07  6f 95 bd 37 7c 14 73 5b  |~..4....o..7|.s[|
00001c80  26 21 04 de 0d 22 01 75  b3 1c 4b 40 d1 d4 93 80  |&!...".u..K@....|
00001c90  44 bc 02 f6 66 d6 f2 99  b2 fa c9 74 03 a4 fb fc  |D...f......t....|
00001ca0  73 3c 7f 20 40 02 e0 8f  7d e0 2c 32 80 80 e7 bb  |s<. @...}.,2....|
00001cb0  dd f6 a7 3d d6 99 ce 2f  c1 7f ba d4 44 c4 39 84  |...=.../....D.9.|
00001cc0  4c 0f cc ff cb 1e b3 48  56 9c bf 24 65 f3 bf e7  |L......HV..$e...|
00001cd0  f7 8f a9 f0 87 cf be f1  a7 77 c9 c3 af 7f 03 4c  |.........w.....L|
00001ce0  fe 3d 52 32 63 29 ea ef  23 10 b0 7f a0 1b 9f 37  |.=R2c)..#......7|
00001cf0  87 a1 66 fd 44 da 24 ac  01 61 10 81 ee 16 14 eb  |..f.D.$..a......|
00001d00  41 a7 bc cd df fa a6 cc  b8 f0 69 70 13 38 e3 a7  |A.........ip.8..|
00001d10  9a 26 e8 10 33 d5 a6 41  cc 7e f4 6b d9 fa aa 4b  |.&..3..A.~.k...K|
00001d20  a4 b0 b4 4e f2 a0 ed 1b  31 68 39 06 4b c0 26 58  |...N....1h9.K.&X|
00001d30  02 6e 72 63 02 a6 cf 12  10 45 10 a4 96 61 d6 b4  |.nrc.....E...a..|
00001d40  cc b0 d6 04 98 24 f1 c9  c0 11 e7 90 44 60 52 08  |.....$......D`R.|
00001d50  90 00 4c 0a 3e be d9 af  08 78 02 56 b5 eb 87 6f  |..L.>....x.V...o|
00001d60  df 26 1d 4d 9d d6 9d ce  2f d7 40 7a 5e bf 68 d3  |.&.M..../.@z^.h.|
00001d70  9f 8d cf 5e 2d 73 d6 cc  4a 4c 2f 15 2b 85 0a 50  |...^-s..JL/.+..P|
00001d80  55 e5 7b f6 1e 95 87 5e  fe 0a 44 d9 6f 93 d2 99  |U.{....^..D.o...|
00001d90  2b e1 e3 87 a3 5d e3 0d  b4 c8 8e 4b 3e 86 1b 3f  |+....].....K>..?|
00001da0  59 a8 5b 55 3c 58 4b f2  a4 40 ba 9a 0e 48 f9 63  |Y.[U<XK..@...H.c|
00001db0  d6 ca 99 3f f9 91 14 ce  af 73 4c e1 6a 4d 48 f1  |...?.....sL.jMH.|
00001dc0  f2 ee d3 b9 6b 9f 3c f4  c4 97 4b b4 b9 15 99 07  |....k.<...K.....|
00001dd0  25 d2 8f 31 43 20 2a a1  96 e3 83 49 c0 11 90 80  |%..1C *....I....|
00001de0  29 b6 04 e8 1c d5 0d 50  58 5a 88 40 c0 65 56 92  |)......PXZ.@.eV.|
00001df0  d9 0b 28 4d 65 6f 52 84  8a 6f 23 02 19 45 80 04  |..(MeoR..o#..E..|
00001e00  20 a3 f0 72 f0 e9 40 c0  33 ff ab b9 bf f1 50 b3  | ..r..@.3.....P.|
00001e10  ec 42 f4 7f 5f 17 02 e2  10 5d ef 97 87 b7 47 50  |.B.._....]....GP|
00001e20  ac 6d 2e 34 ea 33 9e bf  16 da 66 d9 a4 34 eb b8  |.m.4.3....f..4..|
00001e30  5b 6d 6f d7 3b ae 93 03  9f fb 84 94 54 2e 84 66  |[mo.;.......T..f|
00001e40  ad 2d 84 51 f8 08 1a 37  6a 21 c1 a7 6e 6a ec c8  |.-.Q...7j!..nj..|
00001e50  db e2 c6 10 e8 2b 10 25  00 cc 0a 24 d6 d3 09 fc  |.....+.%...$....|
00001e60  1a 64 e5 35 1f 96 c5 d7  5e 8a 5e 05 c0 d2 cd 0c  |.d.5....^.^.....|
00001e70  48 65 7f bd d8 0c 81 80  fd d7 da a7 4b f7 9e 03  |He..........K...|
00001e80  52 50 5b e5 08 58 2d 08  84 f9 86 5a 8f 4b 08 96  |RP[..X-....Z.K..|
00001e90  80 b8 c6 04 d4 cd 41 76  c0 d4 5b 02 6c 9e 38 43  |......Av..[.l.8C|
00001ea0  0b d6 cf 91 25 e7 2c 4c  54 93 4c 65 cd 7c 0f 11  |....%.,LT.Le.|..|
00001eb0  f0 23 02 24 00 7e dc 15  ce 69 d2 08 a8 f6 a6 0f  |.#.$.~...i......|
00001ec0  ef 83 0f 1e 91 23 5b 4e  a4 6c 5a 9f f4 44 46 18  |.....#[N.lZ..DF.|
00001ed0  c0 d3 82 23 bd 11 29 ae  2c 96 c7 5e 74 86 d5 fc  |...#..).,..^t...|
00001ee0  d7 9f 4f b4 fe bc 91 09  d5 fe 21 3c 3b 1e d8 26  |..O.......!<;..&|
00001ef0  0f 5d fc 4a 89 ec 3b 29  c5 33 91 51 10 ed 55 89  |.].J..;).3.Q..U.|
00001f00  7f 7a bd fd 31 16 e6 94  28 70 ac 00 21 64 0d f4  |.z..1...(p..!d..|
00001f10  36 1e 95 b2 73 56 cb 19  3f ff a1 14 ce 83 a5 42  |6...sV..?......B|
00001f20  2b 09 6a 6d 81 14 e2 29  bc 40 40 5d e7 43 4f 7e  |+.jm...).@@].CO~|
00001f30  39 b2 13 fe 2e 05 35 33  13 9d 01 fb 95 04 b8 96  |9.....53........|
00001f40  80 d0 0a 90 80 0f c2 1d  30 cb 8d 09 d0 3a 01 de  |........0....:..|
00001f50  dc 33 5c 27 c0 cb 06 a8  41 4b e6 cd cf 5d 0b 88  |.3\'....AK...]..|
00001f60  b5 37 80 3f 62 48 32 75  2e 39 6e b0 10 20 01 08  |.7.?bH2u.9n.. ..|
00001f70  d6 7e 07 62 b5 9e f9 56  23 fe b7 a0 f6 7f d3 e1  |.~.b...V#.......|
00001f80  16 2b ef 9a 8a b0 ca 14  60 9e 05 20 d2 13 b5 62  |.+......`.. ...b|
00001f90  33 e7 5c 08 41 07 a1 9a  6a d5 b9 78 4f af 84 10  |3.\.A...j..xO...|
00001fa0  f8 77 e8 e6 2f cb 9e ab  3e 2c 05 a5 35 12 2e 29  |.w../...>,..5..)|
00001fb0  75 b4 ff 54 ea eb bb c5  78 3c 2b 40 a4 b3 05 e4  |u..T....x<+@....|
00001fc0  a4 57 d6 7e ee 36 99 f3  df 2f b5 d4 40 b5 02 a4  |.W.~.6.../..@...|
00001fd0  7a 79 eb df f5 b6 6b e4  f0 97 be 2c 45 d5 73 07  |zy....k....,E.s.|
00001fe0  52 34 d5 0a 61 96 00 c4  04 b4 1e 13 87 04 24 59  |R4..a.........$Y|
00001ff0  02 a6 90 04 44 61 55 29  ab 2e 95 75 cf 5c 25 a5  |....DaU)...u.\%.|
00002000  20 6a 9a 63 91 a7 d9 12  bc 88 40 0e 20 40 02 90  | j.c......@. @..|
00002010  03 9b c8 25 0c 46 c0 04  29 fe eb 43 fa df 16 74  |...%.F..)..C...t|
00002020  fe f3 9b ff 5f 67 eb 69  c1 5f 29 3e ae 00 00 20  |...._g.i._)>... |
00002030  00 49 44 41 54 bd 9d 7d  b2 70 e3 3c 59 f3 94 e5  |.IDAT..}.p.<Y...|
00002040  a9 9b ff dd da fe 9a a6  f7 e8 c5 ef 94 13 3f fc  |..............?.|
00002050  a1 09 54 d1 2e 82 6a 56  57 1b 40 2a 9a ba 59 01  |..T...jVW.@*..Y.|
00002060  d4 2c 8f 14 41 10 89 be  d6 7a 99 7f c9 eb 65 cd  |.,..A....z....e.|
00002070  57 6f 44 30 20 dc 00 c8  08 48 69 5c 97 5c e8 1e  |WoD0 ....Hi\.\..|
00002080  ed bf ee 36 d9 73 dd f5  52 52 b3 28 31 4f b3 8e  |...6.s..RR.(1O..|
00002090  18 09 40 cc 06 b2 16 cc  1d b0 62 b3 4b 02 bc 62  |..@.......b.K..b|
000020a0  41 99 2f 1b 9c 88 03 28  29 44 8d 86 c5 32 6b d9  |A./....()D...2k.|
000020b0  0c c6 01 f0 61 93 53 08  90 00 e4 d4 76 72 31 26  |....a.S.....vr1&|
000020c0  5c dd 3a fa 4d 87 d5 ff  7f 40 7a 3b 7b 7d e5 ff  |\.:.M....@z;{}..|
000020d0  f7 08 80 7e ef 6e ef 91  55 88 fe 5f 7c f6 c2 c4  |...~.n..U.._|...|
000020e0  e6 4d 54 a8 9a bb 03 c2  be ef 44 a3 3c fa 92 37  |.MT.......D.<..7|
000020f0  4b cb bd f7 49 d1 0c 10  00 cb f5 4f 4d f8 db 64  |K...I......OM..d|
00002100  bc 78 00 8d 1f c0 3d fa  5a 9b 64 ce 45 2f 96 35  |.x....=.Z.d.E/.5|
00002110  df bd cd 29 61 08 7e 31  51 77 85 b7 48 cf 05 72  |...)a.~1Qw..H..r|
00002120  e8 e3 5f 95 9d ef bf 0c  04 60 a9 43 00 1c b6 92  |.._......`.C....|
00002130  28 18 d4 af f7 f1 dc 01  a8 13 60 31 01 5a 2c 48  |(.........`1.Z,H|
00002140  2b 06 4e 41 ef 00 2f 5d  73 fe 46 c4 01 9c b5 80  |+.NA../]s.F.....|
00002150  71 00 7c c4 e4 14 02 24  00 39 b5 9d 5c 8c 29 ad  |q.|....$.9..\.).|
00002160  ae ff ff f0 96 e3 72 f8  a1 63 a8 72 e7 8f f2 bf  |......r..c.r....|
00002170  c9 bb e3 99 c0 35 03 60  cd 93 97 c9 a2 33 21 5c  |.....5.`.....3!\|
00002180  52 ec c0 a7 4d 7e b4 79  4f e7 ce fd f2 e8 cb 2e  |R...M~.yO.......|
00002190  91 8e 47 b6 4b 61 dd 3c  0b a6 4b 55 fb 1f 24 a8  |..G.Ka.<..KU..$.|
000021a0  95 0b 40 28 47 9a 1a a5  ea 49 e7 ca fa ef 7e 0e  |..@(G....I....~.|
000021b0  d9 00 e8 e2 87 aa 81 d6  c5 2f 85 cb 5b eb e1 4f  |........./..[..O|
000021c0  7d 43 b6 bf e7 dd 52 5a  b3 6c 60 ae 6e 9a a0 bd  |}C....RZ.l`.n...|
000021d0  46 ef 6d 24 c0 49 11 0c  a1 62 a0 95 0d 9e 05 97  |F.m$.I...b......|
000021e0  01 02 03 b5 81 90 5b b9  77 20 b8 d1 7d 7f 0a d3  |......[.w ..}...|
000021f0  3a ed 2d 66 05 40 a1 a6  99 e8 ce b8 fe e9 2b c1  |:.-f.@........+.|
00002200  45 9c b3 34 51 92 96 8e  b9 70 0c 22 90 6e 04 48  |E..4Q....p.".n.H|
00002210  00 d2 8d 28 c7 9b 76 04  62 10 16 61 08 a6 5d 7f  |...(..v.b..a..].|
00002220  dd 27 27 76 d5 3b 7e 75  b7 b3 de b4 4f ce 9d 80  |.''v.;~u....O...|
00002230  47 00 ba 9a bb 65 ed 05  2b 65 d1 19 f3 26 41 00  |G....e..+e...&A.|
00002240  10 35 9f 9f 8f 06 3f fb  65 eb c5 6f 92 4e a4 ff  |.5....?.e..o.N..|
00002250  15 cd 9c 07 f9 0c f3 b9  fe 97 82 f9 7f 28 01 80  |.............(..|
00002260  d4 93 be c6 53 52 f1 d8  4d 20 00 5f 92 92 e5 88  |....SR..M ._....|
00002270  8a 77 89 47 2a 98 26 08  c0 6d 20 00 ef 1d 42 00  |.w.G*.&..m ...B.|
00002280  74 c0 e1 48 80 12 8e e6  a3 20 01 67 ba 24 00 24  |t..H..... .g.$.$|
00002290  04 0d 84 34 25 51 09 4a  a6 82 03 23 68 1f 5d 3d  |...4%Q.J...#h.]=|
000022a0  a7 42 36 21 10 50 2d 2d  7a a5 6a f9 48 05 2b be  |.B6!.P--z.j.H.+.|
000022b0  87 08 64 0a 01 12 80 4c  21 cb 71 a7 05 01 2f 05  |..d....L!.q.../.|
000022c0  50 a5 c1 c3 77 6c 97 96  23 c8 31 2f 42 7e f9 80  |P...wl..#.1/B~..|
000022d0  78 98 96 79 0d bd 69 c2  02 d0 dc 23 ab 9f b6 42  |x..y..i....#...B|
000022e0  16 6f 4e 9d 00 68 83 9d  10 b4 d2 c8 c9 46 d9 72  |.oN..h.......F.r|
000022f0  a1 ba 00 ee 95 e2 5a 8c  87 44 3e 55 8f 53 26 00  |......Z..D>U.S&.|
00002300  09 17 80 0a 64 41 65 c0  7a a9 43 a3 a0 75 3f f8  |....dAe.z.C..u?.|
00002310  8c 53 11 50 33 16 26 6b  01 00 01 d8 01 02 50 92  |.S.P3.&k......P.|
00002320  6c 01 18 60 1f a7 bb 03  34 33 01 24 20 4f 2d 01  |l..`....43.$ O-.|
00002330  ea 0e 98 09 12 70 dc 25  01 9a 95 90 e6 4e 82 5e  |.....p.%.....N.^|
00002340  26 40 29 1a 35 ad 7d ea  4a a9 98 89 54 cd a4 56  |&@).5.}.J...T..V|
00002350  cd be 38 4c 9c 04 11 48  11 01 12 80 14 81 e3 db  |..8L...H........|
00002360  fc 89 80 e7 b3 ed e9 ec  91 ad bf db 25 1d 8d 5d  |............%..]|
00002370  b0 12 a7 66 a6 ce e4 0a  13 04 a0 05 2e 80 a7 2e  |...f............|
00002380  87 05 60 7e ea 16 00 15  d4 da 65 0f 56 80 6d af  |..`~......e.V.m.|
00002390  7c 97 1c fb fe 0f a4 a8  0a b9 f3 c8 7c 98 74 10  ||...........|.t.|
000023a0  a0 0a 54 08 d6 7e 44 c3  f7 b5 9d 92 f9 6f 7c ad  |..T..~D......o|.|
000023b0  ac f9 fa 2d 93 aa 05 e0  ad 5d 75 e9 fd 1f fb 9c  |...-.....]u.....|
000023c0  ec fd d0 b5 52 9c 14 04  38 08 f7 21 96 00 9b 8b  |....R...8..!....|
000023d0  91 80 23 20 01 67 a2 81  90 b6 12 c6 5a 33 48 02  |..# .g......Z3H.|
000023e0  ac 2f 40 49 81 ac 40 b3  a6 ba a5 b5 4e 4a a9 66  |./@I..@.....NJ.f|
000023f0  02 4c 7f 45 e9 4c 1e 51  8e 1d 00 04 48 00 02 b0  |.L.E.L.Q....H...|
00002400  c9 41 5a a2 06 ab 69 ee  7a db a9 0e d9 79 f7 5e  |.AZ...i.z....y.^|
00002410  6b 00 e4 47 9f ed 20 02  70 c1 0a 59 34 09 0b 80  |k..G.. .p..Y4...|
00002420  ee af a6 01 6a e7 bf 83  37 7e c9 d2 00 f3 cb aa  |....j...7~......|
00002430  25 bf a4 2c e5 34 40 cf  ff 1e 57 2d 1f 7e f6 48  |%..,.4@...W-.~.H|
00002440  67 2b c6 ea 94 d5 b7 dd  22 f3 2f 7d 75 da d2 00  |g+......"./}u...|
00002450  f7 be ff 06 39 f8 89 4f  4b a1 9b 06 38 ac b5 c2  |....9..OK...8...|
00002460  d5 ea d5 cc af 56 07 6b  5c a4 3f 6b 86 e6 bf fa  |.....V.k\.?k....|
00002470  2c 90 80 8f 49 1c 96 80  d0 89 23 ce ef d2 6c 09  |,...I.....#...l.|
00002480  50 81 af 29 a5 4b ce 5e  20 f3 d6 cd 76 08 80 c6  |P..).K.^ ...v...|
00002490  01 90 01 04 e9 d1 92 93  6b 25 01 c8 c9 6d 0d ee  |........k%...m..|
000024a0  a2 e2 30 cf 6a b1 16 ad  fd bf e7 be 83 e8 6a a7  |..0.j.........j.|
000024b0  5d ec fc 97 b7 9d 4e 02  90 5c 08 a8 fd 9f 8f c8  |].....N..\......|
000024c0  43 af 78 95 44 0f 36 a1  10 d0 82 d4 0a 01 79 5a  |C.x.D.6.......yZ|
000024d0  b7 6a da ea 5b 47 35 c0  9e 86 23 52 b2 6e 91 9c  |.j..[G5...#R.n..|
000024e0  f9 8b 1f 4b f1 0a 64 2c  58 91 a0 d4 82 e1 12 16  |...K..d,X.......|
000024f0  00 8c bd f5 85 97 c8 a9  5f ff 56 0a 6b 50 62 18  |........_.V.kPb.|
00002500  d7 a8 ee 8a a4 79 69 f0  a1 8d d3 74 58 f2 d6 9c  |.....yi....tX...|
00002510  25 f1 cb 41 02 d4 12 60  24 00 59 04 5a 56 38 4d  |%..A...`$.Y.ZV8M|
00002520  ee 00 c7 ad d4 2f 0b 36  ce b5 8a 80 6a 11 d0 18  |...../.6....j...|
00002530  13 ca ff e0 3e 67 72 65  e5 24 00 b9 b2 93 5c 87  |....>gre.$....\.|
00002540  09 04 25 00 61 08 fc a3  db 4e ca 81 07 0e 23 03  |..%.a....N....#.|
00002550  c0 a9 de e6 b7 2b 9d 04  40 d7 66 6b 77 4b 01 ef  |.....+..@.fkwK..|
00002560  7c cb d5 72 e8 2b 9f 95  e2 2a 94 02 ce 2f 82 c0  ||..r.+...*.../..|
00002570  9a 60 29 60 57 d3 d6 31  55 fb 8f f5 75 4b 6f db  |.`)`W..1U...uKo.|
00002580  51 b4 06 fe 80 ac f8 d4  55 30 ff c3 da 80 56 c3  |Q.......U0....V.|
00002590  a9 c6 16 a8 06 ad 97 96  27 fe a7 96 02 de b9 0f  |........'.......|
000025a0  a5 80 51 6b 7f 3c 59 10  43 49 80 0e d5 7c 50 f2  |..Qk.<Y.CI...|P.|
000025b0  d6 9e 2d f1 0f 78 24 00  81 82 8a 89 b6 2f 4e 13  |..-..x$....../N.|
000025c0  09 88 f6 45 65 ce ca 3a  b8 6b 56 38 59 26 3e 0c  |...Ee..:.kV8Y&>.|
000025d0  2c f5 db 19 e7 7c fc 8f  00 09 80 ff f7 88 33 9c  |,....|........3.|
000025e0  00 02 71 4d d3 82 b9 f6  c0 03 47 e4 f0 23 e8 2c  |..qM......G..#.,|
000025f0  87 e8 35 35 0b fb ed 4a  37 01 30 12 80 b5 ab c6  |..55...J7.0.....|
00002600  de bd fb 90 3c 78 d1 45  d2 b3 75 2f 9a 01 a1 95  |....<x.E..u/....|
00002610  ad 35 03 02 0e e3 6d 06  a4 64 42 85 b1 6a d1 c0  |.5....m..dB..j..|
00002620  ae ab 71 af 94 6d 5a 2d  67 ff e2 67 52 b8 18 41  |..q..mZ-g..gR..A|
00002630  77 fa bb 14 83 ff 3c b2  a2 df 23 a7 1a e5 c1 c7  |w.....<...#.....|
00002640  5e 28 bd 47 8e 49 b8 b2  7c 6c 0b 80 b7 89 a7 59  |^(.G.I..|l.....Y|
00002650  02 f0 8b a6 43 92 b7 0e  96 80 f7 83 04 cc d2 98  |....C...........|
00002660  80 f4 91 00 dd 2b 25 00  b5 8b aa 65 d3 b3 d7 5a  |.....+%....e...Z|
00002670  40 64 3f 9a 2a b0 22 a0  df 3e 55 9c cf 44 11 20  |@d?.*."..>U..D. |
00002680  01 98 28 62 7c bd 6f 11  b0 ea 7a e8 2b af 26 ff  |..(b|.o...z.+.&.|
00002690  dd f7 1d 90 63 db 4f 58  ba 56 aa 9a 6a 26 17 9a  |....c.OX.V..j&..|
000026a0  6e 02 e0 69 cf 5e bb de  fa ef de 2e 5b de f2 66  |n..i.^......[..f|
000026b0  e9 47 37 c4 92 6a 98 ad  91 42 67 f5 fb 71 99 89  |.G7..j...Bg..q..|
000026c0  5c bf 2b 69 70 b5 ee e4  7f 5b 0a 9e 6a cf 12 96  |\.+ip....[..j...|
000026d0  9e c6 83 12 9a 51 24 9b  be f8 bf 32 e3 a2 a7 39  |.....Q$....2...9|
000026e0  56 06 64 00 8c 4b 5b 1f  06 40 cf 9c ae 73 68 f8  |V.d..K[..@...sh.|
000026f0  cd 9f 64 cb cb de 20 f9  f9 15 66 51 98 d0 98 43  |..d... ...fQ...C|
00002700  49 80 ae 06 73 cd 5b 07  4b c0 fb 3f 0a 12 80 62  |I...s.[.K..?...b|
00002710  41 c7 51 37 20 4d 96 80  08 08 40 f5 dc 4a eb da  |A.Q7 M....@..J..|
00002720  a8 f1 00 96 5d e1 43 cb  52 26 cf 2c c7 ce 3d 04  |....].C.R&.,..=.|
00002730  48 00 72 6f 4f 03 bb 22  35 2d 9b d9 1a 04 60 c7  |H.roO.."5-....`.|
00002740  9f f7 ca c9 dd f5 e8 b4  e7 9f 16 c0 c9 1b 93 6e  |...............n|
00002750  02 90 ac 59 c7 23 11 09  43 a0 1e ba e9 cb b2 f3  |...Y.#..C.......|
00002760  23 57 4a 5e 77 81 14 d5  a0 70 8e 96 d6 05 11 f0  |#WJ^w....p......|
00002770  ee 6d 64 40 05 64 d2 c4  8c 2c e5 e5 23 76 a0 4f  |.md@.d...,..#v.O|
00002780  fa 5a a0 45 d7 94 c8 da  5b 3f 29 73 ff fb a2 44  |.Z.E....[?)s...D|
00002790  f9 5f 8f 44 a4 7a d0 34  63 41 2d 08 07 3f f6 05  |._.D.z.4cA-..?..|
000027a0  d9 79 f5 e5 48 01 5c 9e  70 a7 4f 88 ac 9d 66 09  |.y..H.\.p.O...f.|
000027b0  c0 dc 9b 40 02 d6 83 04  5c 96 5e 12 10 ed 8b 49  |...@....\.^....I|
000027c0  e5 ec 32 14 03 5a 25 45  65 45 13 23 2b a9 02 c5  |..2..Z%EeE.#+...|
000027d0  f7 11 81 0c 23 40 02 90  61 80 39 fc d4 21 60 16  |....#@..a.9..!`.|
000027e0  00 25 00 30 5b 6f f9 fd  4e 69 38 d0 68 04 60 42  |.%.0[o..Ni8.h.`B|
000027f0  42 65 8a a6 9b 09 02 60  53 57 0c f4 9b 36 01 82  |Be.....`SW...6..|
00002800  a6 7e f4 33 df 91 dd b7  5c 27 d1 a3 0d 52 50 54  |.~.3....\'...RPT|
00002810  2b e1 e2 52 68 f7 a8 a3  ef fa c7 f5 d5 16 cd 0e  |+..Rh...........|
00002820  c1 6f be 79 d4 de b7 f6  bf bd 78 fd d2 39 b2 fe  |.o.y......x..9..|
00002830  a6 4f 4b dd cb 9e 8d 9f  f5 e2 bd 45 89 02 3d a9  |.OK........E..=.|
00002840  c0 e4 ad d9 d3 f4 1f 7e  fa 6b a5 f9 4f 7f 41 27  |.......~.k..O.A'|
00002850  c0 19 b6 47 5e 0a e7 84  c6 1e d6 12 70 00 24 e0  |...G^.......p.$.|
00002860  31 b0 04 5c 8f c0 40 58  02 4e c0 12 a0 66 fb 49  |1..\..@X.N...f.I|
00002870  c4 04 c4 b4 29 10 da 35  af 41 2d 80 32 d4 04 a0  |....)..5.A-.2...|
00002880  05 60 42 bb c4 17 fb 14  01 12 00 9f 6e 0c a7 35  |.`B.........n..5|
00002890  71 04 12 9a 2d 1e f6 0f  ff 16 45 80 8e b6 06 ca  |q...-.....E.....|
000028a0  02 e0 59 01 bc 7a fa 5e  6a 60 eb 7d 0f ca 81 ab  |..Y..z.^j`.}....|
000028b0  6f 93 a6 07 ff 24 f1 16  64 45 08 cc ed 05 79 20  |o....$..dE....y |
000028c0  4a 4a 8e 10 4d 2f 31 08  5f 54 13 8c 28 1d e8 93  |JJ..M/1._T..(...|
000028d0  fe aa 7c a9 7b cc 05 b2  e4 fa f7 49 e5 79 67 20  |..|.{......I.yg |
000028e0  c5 10 8d 7f 8a 1d 13 fd  64 b5 7f 2f 00 b0 6b fb  |........d../..k.|
000028f0  6e b9 ff dc e7 48 5e b4  40 c2 e5 a5 93 1b 7b 10  |n....H^.@.....{.|
00002900  09 40 1a 20 56 28 8d 4a  02 ce 71 2d 01 9a 1d a0  |.@. V(.J..q-....|
00002910  24 c0 e9 32 98 4a 60 a0  76 05 2c af 2d 93 d5 4f  |$..2.J`.v.,.-..O|
00002920  5e ee 14 03 82 ab c9 ab  0a 38 f1 93 ca 77 10 01  |^........8...w..|
00002930  7f 20 40 02 e0 8f 7d e0  2c d2 80 80 67 01 50 ed  |. @...}.,...g.P.|
00002940  6c cb 6f 77 48 f3 b1 16  10 80 d4 5b d6 a6 61 4a  |l.owH......[..aJ|
00002950  23 0e 91 31 0b 80 19 01  06 04 75 bc 17 c2 1b 6d  |#..1......u....m|
00002960  82 b5 2d 70 e3 4f 7f 2f  f5 bf fe 83 b4 fd e7 01  |..-p.O./........|
00002970  e9 6b 3e 8e 5c 7e 28 fe  dd 10 8a 45 a0 0c c5 fd  |.k>.\~(....E....|
00002980  52 54 59 27 55 67 9e 2b  33 5e f0 4c 68 fd cf b2  |RTY'Ug.+3^.Lh...|
00002990  c2 42 71 f8 be f3 60 45  99 90 7f 7e 98 55 27 b4  |.Bq...`E...~.U'.|
000029a0  7f cb a1 0f cb de f7 dd  28 fb 3e 75 ab 94 54 2d  |........(.>u..T-|
000029b0  b0 58 03 ed e0 38 a9 f2  ba a7 91 00 f8 e9 1b f7  |.X...8..........|
000029c0  4b 08 96 80 fe cb ae 47  ef 00 ad 18 98 7a 60 a0  |K......G.....z`.|
000029d0  f6 00 28 ad 2a 91 55 4f  5a 2e 55 b3 cb 59 0d 30  |..(.*.UOZ.U..Y.0|
000029e0  93 1f 0e 8e 3d 65 08 90  00 4c 19 d4 bc 51 a6 11  |....=e...L...Q..|
000029f0  f0 84 8c f6 02 d8 7a e7  4e 54 8c 6d 83 d9 3b 38  |......z.NT.m..;8|
00002a00  31 00 43 f1 4d 04 f8 01  0f 95 8f 9a 1d a1 57 d7  |1.C.M.........W.|
00002a10  ae 03 d2 77 e0 98 44 da  3b 24 da d4 2c e1 aa 0a  |...w..D.;$..,...|
00002a20  29 a8 ae 96 c2 05 b3 a4  6c dd 0a 7b 8d 66 53 68  |).......l..{.fSh|
00002a30  38 80 97 6f 9f 0e 37 8a  69 ff 48 a1 8b b5 76 c8  |8..o..7.i.H...v.|
00002a40  fd e7 3d 5b 7a 0f 34 48  7e 65 05 6e 82 c9 69 7c  |..=[z.4H~e.n..i||
00002a50  a2 79 22 26 91 b2 39 ac  25 00 41 8c 88 09 e8 47  |.y"&..9.%.A....G|
00002a60  4c c0 64 48 80 a6 fe 15  96 15 ca ca f3 97 ca 0c  |L.dH............|
00002a70  64 03 b0 1c 70 a6 3f cd  1c 7f 2a 10 20 01 98 0a  |d...p.?...*. ...|
00002a80  94 79 8f 29 41 c0 13 78  3d 68 ff bb ed 0f bb 50  |.y.)A..x=h.....P|
00002a90  0d b0 13 16 00 ff 95 01  56 30 32 69 01 48 06 3b  |........V02i.H.;|
00002aa0  41 02 d4 fc ad 69 82 6a  20 d7 3a fe 23 5c 1a e5  |A....i.j .:.#\..|
00002ab0  af 97 76 17 b4 6c 81 f1  e4 e6 8f b1 bb 09 ed df  |..v..l..........|
00002ac0  2d 57 bc ff 9a 4f c9 ee  8f 5e 2b 25 15 8b 8c 94  |-W...O...^+%....|
00002ad0  58 b5 41 35 db 4f 42 f6  27 a6 30 a6 25 60 b6 63  |X.A5.OB.'.0.%`.c|
00002ae0  09 98 60 c5 40 b5 00 14  57 14 cb 0a b4 6e 9e b1  |..`.@...W....n..|
00002af0  90 04 60 4a 3e d0 bc 49  c6 11 20 01 c8 38 c4 bc  |..`J>..I.. ..8..|
00002b00  c1 54 21 e0 09 9a 9e 0e  10 80 bb 76 4b 47 43 07  |.T!........vKGC.|
00002b10  e2 dd 82 6b 01 18 89 08  58 15 3f 0b 98 34 2a 62  |...k....X.?..4*b|
00002b20  aa b7 29 de 96 01 e0 a4  4d a6 43 f0 27 df 5f b5  |..).....M.C.'._.|
00002b30  ff 10 be fa 8e d5 cb bf  9f 88 a0 c2 63 6d 12 ae  |............cm..|
00002b40  a8 76 ee af 53 30 f9 9f  0e 06 60 ec ca 69 22 a4  |.v..S0....`..i".|
00002b50  f7 44 46 88 13 13 00 4b  00 52 04 c5 4d 11 14 4d  |.DF....K.R..M..M|
00002b60  11 b4 8a 81 43 1a 08 8d  70 58 63 68 09 5c 5c 51  |....C...pXch.\\Q|
00002b70  24 2b 1f bf 44 6a 17 90  00 4c d5 67 9a f7 c9 2c  |$+..Dj...L.g...,|
00002b80  02 24 00 99 c5 97 a3 4f  21 02 83 2d 00 bb ad 1f  |.$.....O!..-....|
00002b90  40 d0 2d 00 53 08 ff b0  b7 72 48 19 04 6d 04 b1  |@.-.S....rH..m..|
00002ba0  08 48 4d dc fe ea f7 ca  91 ef fe af 94 56 2f 32  |.HM..........V/2|
00002bb0  b2 91 68 ac 63 66 87 34  ce 76 28 09 e8 07 09 40  |..h.cf.4.v(....@|
00002bc0  8a e0 60 12 e0 5a 02 92  5b 09 db 3c 4e 9f 88 76  |..`..Z..[..<N..v|
00002bd0  5c 2c 2c 2b 06 01 58 0c  0b 40 0d 5d 00 69 dc 2a  |\,,+..X..@.].i.*|
00002be0  0e 35 7d 08 90 00 4c 1f  f6 bc 73 9a 11 48 c4 00  |.5}...L...s..H..|
00002bf0  40 5b db 7a a7 06 01 06  3b 06 20 cd f0 4e 78 b8  |@[.z....;. ..Nx.|
00002c00  a1 c5 89 1a 7f f1 27 79  e8 e5 af 94 82 bc 6a 09  |......'y......j.|
00002c10  97 6a e4 bf 53 98 c8 7c  ff 69 95 fe ee 54 47 22  |.j..S..|.i...TG"|
00002c20  01 6b cf 12 d1 b2 c1 28  16 24 c7 40 02 b4 c3 a0  |.k.....(.$.@....|
00002c30  47 02 dc 32 c8 43 49 80  63 01 28 84 0b 00 31 00  |G..2.CI.c.(...1.|
00002c40  74 01 4c f8 2c f0 0d fe  44 80 04 c0 9f fb c2 59  |t.L.,...D......Y|
00002c50  a5 80 c0 e0 2c 80 ed 20  00 9a 06 18 bc 2c 80 14  |....,.. .....,..|
00002c60  a0 4b fb 5b 12 b1 07 c8  3e d0 ee 8c 3d 7b 8e ca  |.K.[....>...={..|
00002c70  7f 9e ff 52 e9 de 77 08  ad 8a e7 39 55 09 bd 6a  |...R..w....9U..j|
00002c80  7a 5e 19 c2 b4 cf 02 03  9e 46 02 b4 58 d0 21 09  |z^.......F..X.!.|
00002c90  a1 81 90 68 03 21 23 01  68 20 84 b2 c7 09 77 c0  |...h.!#.h ....w.|
00002ca0  30 24 20 1a 89 21 ff bf  44 56 3f 69 19 0a 02 55  |0$ ..!..DV?i...U|
00002cb0  d0 02 90 89 bd e2 98 53  8e 00 09 c0 94 43 ce 1b  |.......S.....C..|
00002cc0  66 0a 01 a7 cc ac fe e9  77 d2 00 03 58 07 20 53  |f.......w...X. S|
00002cd0  d8 4e 64 dc c1 d9 07 d8  90 be b8 6c b9 f8 12 39  |.Nd........l...9|
00002ce0  f9 eb 5f c1 f4 bf c4 02  f0 90 0b 60 81 7f 56 88  |.._........`..V.|
00002cf0  68 32 91 ff e3 99 d8 08  bd 03 42 ab cf 14 b9 e2  |h2........B.....|
00002d00  06 eb 1d 20 47 d1 5a 18  69 8f 89 6b 08 09 88 82  |... G.Z.i..k....|
00002d10  c8 94 d5 a0 10 10 d2 00  2b ea 58 07 60 3c b0 f3  |........+.X.`<..|
00002d20  35 fe 47 80 04 c0 ff 7b  c4 19 8e 13 01 b3 00 68  |5.G....{.......h|
00002d30  d3 1b 04 7e 6d fd 5d 40  2b 01 8e 13 ab 4c bd 6c  |...~m.]@+....L.l|
00002d40  90 f0 d7 9c 7f 64 1c ec  7e fb b5 b2 ff f3 b7 49  |.....d..~......I|
00002d50  49 19 ba 13 16 17 63 8f  34 1b 01 57 a6 4c ff c3  |I.....c.4..W.L..|
00002d60  2d ee 34 12 e0 b4 12 56  12 d0 7f 25 48 80 56 0c  |-.4....V...%H.V.|
00002d70  04 09 90 02 74 39 74 eb  28 98 1b c0 7d 9f 56 02  |....t9t.(...}.V.|
00002d80  2c b7 4a 80 2b 40 62 4a  58 09 30 53 07 88 e3 4e  |,.J.+@bJX.0S...N|
00002d90  29 02 24 00 53 0a 37 6f  96 49 04 ac 17 80 db 0e  |).$.S.7o.I......|
00002da0  78 fb 9f f7 c8 c9 3d c8  33 0f 40 2f 80 e4 54 3f  |x.....=.3.@/..T?|
00002db0  0f df 4c 44 f2 8f b5 77  de 3c b4 86 80 0a 77 2d  |..LD...w.<....w-|
00002dc0  f8 b3 ff aa 8f cb ee 1b  3f 82 fa f9 b3 25 bf b4  |........?....%..|
00002dd0  0a c1 80 70 09 78 f9 fe  99 34 fd 8f 46 02 34 b5  |...p.x...4..F.4.|
00002de0  51 fd fe 2a dc 9b 60 fe  5f 75 86 43 02 e0 0e c8  |Q..*..`._u.C....|
00002df0  03 09 e8 1f 4a 02 30 96  d3 0b a0 dc ed 05 30 c1  |....J.0.......0.|
00002e00  c6 45 63 01 c7 df 13 81  69 42 80 04 60 9a 80 e7  |.Ec.....iB..`...|
00002e10  6d d3 8f 40 b2 05 60 ef  bd fb e5 d8 b6 53 56 ae  |m..@..`......SV.|
00002e20  35 e3 26 e6 14 96 92 ee  3a 00 83 48 00 8a d6 08  |5.&.....:..H....|
00002e30  ac 20 53 45 02 06 55 1e  ec 8b 48 48 49 57 3c 24  |. SE..U...HHIW<$|
00002e40  fb ae b8 49 f6 dd 7a 8b  14 96 56 4b 41 d9 0c 14  |...I..z...VKA...|
00002e50  17 42 5b 62 55 fc 33 90  66 38 ee 2d f0 2c 01 2e  |.B[bU.3.f8.-.,..|
00002e60  09 88 83 30 e6 35 43 f3  5f 09 4b c0 55 37 48 bf  |...0.5C._.K.U7H.|
00002e70  6b 09 e8 47 c6 82 67 09  d0 00 c1 68 2f ba 01 ce  |k..G..g....h/...|
00002e80  af 92 cd cf 59 e3 9c a7  c9 16 2d 1a f7 84 f9 42  |....Y.....-....B|
00002e90  22 90 39 04 48 00 32 87  2d 47 9e 06 04 54 fb d4  |".9.H.2.-G...T..|
00002ea0  e2 32 fb 1f 38 22 47 b6  1c b3 0a 73 7e 6c db 9a  |.2..8"G....s~l..|
00002eb0  4e 02 90 10 fe 9a df af  d1 ec 6e 0e bc 09 5b 57  |N.........n...[W|
00002ec0  d3 cd 14 09 4a 26 1e da  33 20 5c 52 24 91 86 16  |....J&..3 \R$...|
00002ed0  d9 7b f9 f5 72 e8 1b 5f  83 f0 9f 81 f4 b9 99 d6  |.{..r.._........|
00002ee0  5d 70 da 85 bf 77 1e 93  48 80 a6 22 8a 76 27 6c  |]p...w..H..".v'l|
00002ef0  c1 59 59 b9 19 24 e0 46  54 0c 84 3b e0 c8 21 e9  |.YY..$.FT..;..!.|
00002f00  2f 2c 4a 90 00 6d 07 5c  b7 b4 56 36 3c 73 0d 1a  |/,J..m.\..V6<s..|
00002f10  2a 2a ce 9a c5 88 f7 f2  22 02 59 8c 00 09 40 16  |**......".Y...@.|
00002f20  6f 1e a7 3e 18 01 15 46  aa d1 85 a1 fd 1e dd 76  |o..>...F.......v|
00002f30  52 0e 3c 70 58 62 88 de  f6 e3 83 3a 9d 04 c0 8a  |R.<pXb.....:....|
00002f40  ec 58 ad df 3c 69 fa fd  3d 12 6b ec 94 99 2f 79  |.X..<i..=.k.../y|
00002f50  86 15 d7 51 42 a0 35 fd  f5 4a 67 71 9f 91 2a 0c  |...QB.5..Jgq..*.|
00002f60  b6 ff eb 51 d9 75 c5 55  d2 f8 e7 3f c3 ec 3f 57  |...Q.u.U...?..?W|
00002f70  f2 4b 2a d1 38 c7 07 9a  ff d0 0f 8b 4b 02 b4 28  |.K*.8.......K..(|
00002f80  92 36 08 4a 90 80 55 20  01 57 82 04 d4 cd 72 62  |.6.J..U .W....rb|
00002f90  02 40 02 d4 53 11 c7 39  9a bb 66 96 ac 7c c2 52  |.@..S..9..f..|.R|
00002fa0  23 00 da 72 3a 53 a4 8a  9f 6b 22 30 55 08 90 00  |#..r:S...k"0U...|
00002fb0  4c 15 d2 bc cf 94 20 60  26 5d a4 9d d5 ef 6b 94  |L..... `&]....k.|
00002fc0  bd ff 38 28 7d dd 28 40  a3 0f 78 9f 5d e9 24 00  |..8(}.(@..x.].$.|
00002fd0  e6 fa 88 a0 cb 1f cc d6  27 bf f5 4b 79 f4 bd ef  |........'..Ky...|
00002fe0  94 25 ef 7d b7 2c bb ea  3d 26 f4 d5 ef 1e 42 45  |.%.}.,..=&....BE|
00002ff0  44 4f 60 4d 86 08 0c 75  35 f4 ab 30 2c 2a 80 80  |DO`M...u5..0,*..|
00003000  8c ca b1 cf 7e 4b 0e 7c  e6 33 d2 7d f0 a0 14 57  |....~K.|.3.}...W|
00003010  ce c7 7c 4a fc 29 fc 93  2c 01 16 86 e0 76 09 3c  |..|J.)..,....v.<|
00003020  cd 12 a0 24 e0 c8 61 89  ab 3b 00 ff 2d dc 34 57  |...$..a..;..-.4W|
00003030  96 9c bd c0 fa 24 78 7d  15 7c 76 ac 38 1d 22 30  |.....$x}.|v.8."0|
00003040  21 04 48 00 26 04 17 5f  ec 77 04 54 20 69 de 79  |!.H.&.._.w.T i.y|
00003050  fb a9 76 d9 71 f7 3e e9  6e 43 1f fb 7c ff 99 6a  |..v.q.>.nC..|..j|
00003060  d3 49 00 74 4f 62 4a 00  a0 e9 37 df f9 37 f9 cf  |.I.tObJ...7..7..|
00003070  6b 2e 96 48 77 b3 2c 7b  d5 bb 64 f1 75 ef 95 a2  |k..Hw.,{..d.u...|
00003080  b9 75 56 16 57 7b 01 68  73 1f 73 89 b8 a9 77 63  |.uV.W{.hs.s...wc|
00003090  92 01 15 8e 66 48 70 ca  03 5b 54 bc 1b 6c 99 87  |....fHp..[T..l..|
000030a0  1a 0b fa bb c6 5f dc 25  87 bf f8 15 69 fa cb 9f  |....._.%....i...|
000030b0  25 af af 50 0a 6a 21 38  b5 d6 7e 4c 03 fe 5c 97  |%..P.j!8..~L..\.|
000030c0  44 1a 7a 0a 64 ea ec 19  06 1e 09 50 8c 5a d5 1d  |D.z.d......P.Z..|
000030d0  b0 c9 71 07 d4 cd 91 fe  43 07 25 bf a2 54 96 9e  |..q.....C.%..T..|
000030e0  b3 d0 ac 00 31 25 3d c0  90 16 80 4c ed 08 c7 9d  |....1%=....L....|
000030f0  2a 04 48 00 a6 0a 69 de  67 4a 10 f0 ba b4 f5 b4  |*.H...i.gJ......|
00003100  f7 ca a3 77 ed 42 3f 80  4e 08 46 ff 99 6b d3 49  |...w.B?.N.F..k.I|
00003110  00 4c cb 57 ad 14 5a 7e  e3 9d f7 c8 f6 37 bf 53  |.L.W..Z~.....7.S|
00003120  7a 0f 1f 87 69 3b 2e e5  2b d7 ca 82 4b de 20 73  |z...i;..+...K. s|
00003130  df fa 72 09 97 95 da 1e  c4 41 16 9c 40 b6 01 22  |..r......A..@.."|
00003140  30 5c f9 5b 7b b1 27 f4  bd d4 38 25 10 4a 06 54  |0\.[{.'...8%.J.T|
00003150  f0 ff fc 0f 72 fc eb 3f  90 86 7b ef 92 78 73 b7  |....r..?..{..xs.|
00003160  14 94 d6 22 06 00 39 f2  56 e4 07 42 55 df 3f 9d  |..."..9.V..BU.?.|
00003170  01 7f e3 39 71 c9 41 81  09 12 00 8b 49 eb 71 09  |...9q.A.....I.q.|
00003180  81 04 c4 af ba 49 62 b5  75 52 dc 7a 52 56 5d b0  |.....Ib.uR.zRV].|
00003190  5a aa e7 21 93 41 39 26  82 4b 79 11 81 6c 47 80  |Z..!.A9&.Ky..lG.|
000031a0  04 20 db 77 90 f3 1f 84  80 b5 9c 75 0b cb 3e fc  |. .w.......u..>.|
000031b0  db ed d2 72 04 d5 00 7d  d8 12 38 9d 04 c0 84 3a  |...r...}..8....:|
000031c0  a2 ef 55 23 6f b8 e3 6e  d9 fe c6 b7 4b bc b1 4b  |..U#o..n....K..K|
000031d0  f2 6a 2a 25 52 7f 0a 7e  ec a8 54 ac dd 2c 75 2f  |.j*%R..~..T..,u/|
000031e0  78 8e d4 3e ff a9 52 f9  d8 33 12 98 79 99 78 6a  |x..>..R..3..y.xj|
000031f0  21 40 5b be 01 2c 55 be  b9 8d 81 92 01 ee 7c 74  |!@[..,U.......|t|
00003200  b7 34 de f1 17 a9 ff e5  9d d2 be f5 01 b4 f6 ed  |.4..............|
00003210  96 70 51 25 52 fc ca 20  eb 51 4d 4f a3 2e 93 b4  |.pQ%R.. .QMO....|
00003220  fd 31 2d 0c 7e 38 bf c3  91 00 0b 0c 3c 2e b2 62  |.1-.~8......<..b|
00003230  a3 44 de 7f bd 94 6f 5c  23 eb d7 97 4a 49 a5 d6  |.D....o\#...JI..|
00003240  31 40 cc 05 03 00 fd b0  73 9c c3 24 11 20 01 98  |1@......s..$. ..|
00003250  24 80 7c bb bf 10 b0 40  c0 18 02 01 a1 f5 ef bc  |$.|....@........|
00003260  67 af 9c d8 5d 6f 41 80  7e 33 d7 a6 9d 00 c0 07  |g...]oA.~3......|
00003270  6f 16 80 df de 23 8f be  e1 6d 08 04 6c 97 a2 da  |o....#...m..l...|
00003280  d9 a6 ed c7 23 dd 12 eb  e8 96 78 5e a7 14 54 cf  |....#.....x^..T.|
00003290  92 f2 75 1b a4 ea 71 e7  48 d9 a6 d5 52 b4 70 ae  |..u...q.H...R.p.|
000032a0  14 2f 9e 27 85 33 6b 24  af 1c 42 5c 95 7e fd 42  |./.'.3k$..B\.~.B|
000032b0  e5 bb 68 73 9b f4 1c 3c  8a 32 be 87 a4 6b e7 6e  |..hs...<.2...k.n|
000032c0  69 b9 e7 df d2 b1 7d 9b  f4 34 1c 95 bc 48 a1 84  |i.....}..4...H..|
000032d0  8b 4b ac b0 4f 28 af c0  79 9f 5b db 3f 91 e6 e7  |.K..O(..y.[.?...|
000032e0  5a 00 fc 75 42 46 98 cd  b0 24 00 96 80 96 13 12  |Z..uBF...$......|
000032f0  5d bc 51 6a 6e f8 88 6c  7c f9 63 95 15 99 8b c9  |].Qjn..l|.c.....|
00003300  6f e7 29 2b 30 e6 24 7d  87 00 09 80 ef b6 84 13  |o.)+0.$}........|
00003310  9a 2c 02 31 ed 3b 0f a1  7f 78 cb 71 39 f4 d0 51  |.,.1.;...x.q9..Q|
00003320  08 33 2d fc e2 2f 93 6d  e6 08 c0 dd b2 0d 16 80  |.3-../.m........|
00003330  58 7d bb 14 d4 cc 80 1f  1e 9a ac 76 dd c3 77 44  |X}.........v..wD|
00003340  af 49 bc ab 17 df f0 15  ea 95 fe e2 90 14 14 54  |.I.............T|
00003350  4b 61 d5 0c bc b6 52 42  2a cc d5 0c ae 66 7b f8  |Ka....RB*....f{.|
00003360  b9 e3 6d 1d d2 db d0 20  7d bd f5 22 c8 83 cf 8b  |..m.... }.."....|
00003370  95 20 86 a0 40 f2 4a 91  1e a7 df 4d 0b d6 d8 00  |. ..@.J....M....|
00003380  a7 a9 4f 3a 82 0c 27 bb  f7 93 7a ff 10 12 a0 16  |..O:..'...z.....|
00003390  10 dd a7 58 f3 09 99 f1  a2 17 c8 86 5f 7c c5 2c  |...X........_|.,|
000033a0  2d 82 58 0b 3f 66 96 4c  6a ed 7c 73 20 11 20 01  |-.X.?f.Lj.|s . .|
000033b0  08 e4 b6 e7 ee a2 13 c5  80 20 f0 9b 0e b7 c8 ee  |......... ......|
000033c0  bf ef 97 be 2e 98 c7 91  b6 e5 a7 2b 73 04 e0 1e  |...........+s...|
000033d0  10 80 4b 25 d6 d0 2e 85  35 33 2d 38 d0 f3 f7 db  |..K%....53-8....|
000033e0  77 15 f0 2a dc fb 11 a0  a7 01 93 48 6f 8b 23 c7  |w..*.......Ho.#.|
000033f0  1d 62 ce a9 cb ef 5a 00  34 ea 1d 09 84 16 34 28  |.b....Z.4.....4(|
00003400  c5 2a f0 f0 1d 5f 96 51  e1 95 c8 f5 e2 02 c6 1b  |.*..._.Q........|
00003410  50 e8 a7 0d 18 69 2e c9  24 40 b1 50 32 d4 db 2b  |P....i..$@.P2..+|
00003420  73 5e f5 22 59 f1 e5 1b  25 8e bf 6b b6 05 2d 00  |s^."Y...%..k..-.|
00003430  d9 b0 99 9c e3 58 08 90  00 8c 85 10 7f 9f 75 08  |.....X........u.|
00003440  24 02 01 3b 7a 65 cb ef  76 48 57 53 b7 ef 02 01  |$..;ze..vHWS....|
00003450  a7 8a 00 c4 61 ca 77 04  bf d3 24 69 b0 e0 72 c4  |....a.w...$i..r.|
00003460  bd 37 17 b3 fd 7b 97 6b  30 71 5e ef 59 4f 9c 17  |.7...{.k0q^.YO..|
00003470  98 5f df 15 8e ee 0f 72  4b 20 26 91 00 0d ae 0c  |._.....rK &.....|
00003480  57 96 cb 92 6b de 21 73  df f4 0a 4b 77 0c fb b4  |W...k.!s...Kw...|
00003490  c3 64 d6 7d 50 39 e1 69  47 80 04 60 da b7 80 13  |.d.}P9.iG..`....|
000034a0  48 37 02 71 35 49 bb 15  00 b7 82 00 34 1e 6a f1  |H7.q5I......4.j.|
000034b0  5d 4f 80 a9 26 00 83 f2  f7 5d 91 ee a5 f7 8d 89  |]O..&....]......|
000034c0  bf 97 0a e8 59 07 dc 2c  00 2b 3e 94 e9 4e 7e 63  |....Y..,.+>..N~c|
000034d0  4e 2e 43 2f 70 d7 16 eb  e9 45 8c c4 7c 59 fd b5  |N.C/p....E..|Y..|
000034e0  9b a4 ea fc b3 e1 3e 01  a1 72 33 21 32 74 67 0e  |......>..r3!2tg.|
000034f0  4b 04 a6 0c 01 12 80 29  83 9a 37 9a 2a 04 9c 8a  |K......)..7.*...|
00003500  80 71 54 04 44 49 e0 fb  0f cb 91 ad 88 e6 36 59  |.qT.DI........6Y|
00003510  e5 9f 38 80 a9 26 00 83  b0 57 6b 40 48 73 df 35  |..8..&...Wk@Hs.5|
00003520  9d 2f 59 ed 1f 79 87 a6  b5 7e ff 54 1d 9c a1 f7  |./Y..y...~.T....|
00003530  d1 1e 00 ad ed 52 71 ee  66 d9 fc e7 ef 59 2c 85  |.....Rq.f....Y,.|
00003540  76 9a d4 1a 07 bc 88 40  2e 20 40 02 90 0b bb c8  |v......@. @.....|
00003550  35 9c 86 80 95 c7 45 1c  40 e3 81 66 d9 73 ef 01  |5.....E.@..f.s..|
00003560  e9 ed d2 8a 80 fe c9 06  98 56 02 c0 f3 32 36 02  |.........V...26.|
00003570  5a ef 48 2d 49 70 01 cc  7a f9 f3 cd 02 60 fe ff  |Z.H-Ip..z....`..|
00003580  a2 a2 b1 df cb 57 10 81  2c 41 80 04 20 4b 36 8a  |.....W..,A.. K6.|
00003590  d3 1c 3f 02 9e 70 b5 08  ee be b8 3c 7c fb 36 e9  |..?..p.....<|.6.|
000035a0  40 7d 7c 3f b5 06 26 01  18 ff 7e 4e c7 2b d5 32  |@}|?..&...~N.+.2|
000035b0  a2 c1 91 05 d5 15 b2 e4  a3 97 c9 dc d7 bd c4 52  |...............R|
000035c0  23 43 6e 5f 85 e9 98 13  ef 49 04 d2 8d 00 09 40  |#Cn_.....I.....@|
000035d0  ba 11 e5 78 be 41 20 1e  45 c9 56 d4 03 d8 86 8a  |...x.A .E.V.....|
000035e0  80 0d 07 9b cd 22 e0 78  01 a6 df 15 40 02 e0 9b  |.....".x....@...|
000035f0  63 32 fc 44 70 44 a2 9d  dd 52 ba 72 89 6c fc e5  |c2.DpD...R.r.l..|
00003600  d7 a4 68 c9 7c 0b 7e 64  fa 9f cf f7 8d d3 9b 10  |..h.|.~d........|
00003610  02 24 00 13 82 8b 2f ce  16 04 9c ba f5 4e 2b e0  |.$..../......N+.|
00003620  13 bb ea 65 df 3f 0f 4a  b4 cf c9 89 f7 43 28 00  |...e.?.J.....C(.|
00003630  09 80 bf 4f 92 c5 91 74  f7 48 cd d3 1e 2f 1b 7f  |...O...t.H.../..|
00003640  f3 75 89 f5 c2 85 84 e8  7f 3f c5 91 f8 1b 41 ce  |.u.......?....A.|
00003650  2e 1b 10 20 01 c8 86 5d  e2 1c 53 42 c0 13 b2 7d  |... ...]..SB...}|
00003660  dd 11 79 f8 37 db a4 ab  b5 47 f2 0b 9c e2 35 d3  |..y.7....G....5.|
00003670  7d 91 00 4c f7 0e 8c 7c  7f ab 25 81 c2 49 e1 d2  |}..L...|..%..I..|
00003680  12 59 f4 c1 4b 65 fe a5  af 4d f4 5a f0 ef ac 39  |.Y..Ke...M.Z...9|
00003690  33 22 30 71 04 48 00 26  8e 19 df 91 45 08 78 6e  |3"0q.H.&....E.xn|
000036a0  80 ad 7f d8 25 4d 87 d4  0d e0 b8 00 a6 5b 93 23  |....%M.......[.#|
000036b0  01 f0 f7 21 8a 41 fb 2f  5e b2 40 36 fc fa ab 52  |...!.A./^.@6...R|
000036c0  b2 74 31 26 eb a4 3c 4e  f7 b9 f1 37 6a 9c 5d b6  |.t1&..<N...7j.].|
000036d0  21 40 02 90 6d 3b c6 f9  8e 1b 01 cf 0d a0 0a 7f  |!@..m;..........|
000036e0  c3 be 46 d9 f5 f7 03 a8  8c 87 32 c1 3e a8 0a 48  |..F.......2.>..H|
000036f0  02 30 ee 6d 9c d2 17 26  02 48 51 41 b1 e6 99 4f  |.0.m...&.HQA...O|
00003700  94 0d 3f fd 12 a2 ff 1d  f3 bf 2f 7c 47 53 8a 06  |..?......./|GS..|
00003710  6f 96 eb 08 90 00 e4 fa  0e 07 7c 7d 66 ce d5 2f  |o.........|}f../|
00003720  74 ba 7b e0 e7 5b a5 07  dd eb 9c 5c ee e9 75 03  |t.{..[.....\..u.|
00003730  90 00 f8 f7 60 6a bd 7f  ad fe b7 e2 53 1f 92 ba  |....`j......S...|
00003740  97 3c c7 e9 92 98 8f 36  c8 fe 9d 32 67 46 04 52  |.<.....6...2gF.R|
00003750  42 80 04 20 25 d8 f8 a6  6c 42 20 8e 07 78 1e 82  |B.. %...lB ..x..|
00003760  01 f7 dc b7 5f 8e ef ac  b7 7e ee 2a ff a7 93 04  |...._....~.*....|
00003770  90 00 f8 f0 04 b9 8d 90  e2 a8 fe 57 b2 6a a9 9c  |...........W.j..|
00003780  75 ef cf 24 54 80 c0 bf  b0 f6 45 50 cf 11 29 80  |u..$T.....EP..).|
00003790  0f 77 8d 53 9a 04 02 24  00 93 00 8f 6f f5 3f 02  |.w.S...$....o.?.|
000037a0  8e a0 75 ba de 77 b5 74  cb c3 77 6c 97 48 0f ea  |..u..w.t..wl.H..|
000037b0  b9 4f b3 1b 80 04 c0 7f  67 c7 4e 4a 5c 3b 49 e6  |.O......g.NJ\;I.|
000037c0  cb 9c b7 bc 52 96 7f ec  7d 28 fd 8b 7f a3 cd 32  |....R...}(.....2|
000037d0  2f 22 90 8b 08 90 00 e4  e2 ae 72 4d 83 10 f0 dc  |/"........rM....|
000037e0  00 9a c3 fd c8 9d 3b a4  f5 58 6b 42 9b 9b 2e 2b  |......;..XkB...+|
000037f0  00 09 80 0f 0f a9 15 8e  8a 48 e1 ac 19 b2 f9 8f  |.........H......|
00003800  df b5 1e 00 76 31 f8 cf  87 9b c5 29 a5 03 01 12  |....v1.....)....|
00003810  80 74 a0 c8 31 7c 8f 80  96 75 d5 da f7 2d c7 db  |.t..1|...u...-..|
00003820  e4 51 14 06 8a a3 15 ee  74 16 75 21 01 f0 d7 91  |.Q......t.u!....|
00003830  71 02 46 9d be 08 b5 cf  bb 40 d6 7d e7 36 eb fc  |q.F......@.}.6..|
00003840  97 07 df 3f 4d ff fe da  2b ce 26 7d 08 90 00 a4  |...?M...+.&}....|
00003850  0f 4b 8e e4 53 04 92 4b  03 6b 2c c0 83 bf 7c 54  |.K..S..K.k,...|T|
00003860  3a 9a 3a ad e3 bd a3 e0  4d bd 6f 97 04 c0 7f 87  |:.:.....M.o.....|
00003870  25 8e c8 ff 70 59 a9 6c  fc dd b7 a4 7c dd 4a 47  |%...pY.l....|.JG|
00003880  f0 6b c0 a8 ff a6 ca 19  11 81 b4 20 40 02 90 16  |.k......... @...|
00003890  18 39 48 36 20 60 0d 82  f0 5f 23 ca 02 6f ff cb  |.9H6 `..._#..o..|
000038a0  9e 69 2d ed 4a 02 e0 9f  13 e3 ed 85 c6 8a 54 3d  |.i-.J.........T=|
000038b0  f1 5c 94 fe fd ea 40 db  5f d7 05 e0 9f d9 72 26  |.\....@._.....r&|
000038c0  44 20 7d 08 90 00 a4 0f  4b 8e e4 63 04 92 ad 00  |D }.....K..c....|
000038d0  4a 02 1e fc c5 56 e9 46  4a a0 d7 0c 77 aa ad 00  |J....V.FJ...w...|
000038e0  24 00 fe 38 2c ba 0f ba  f7 71 b7 d1 8f fa fe cb  |$..8,....q......|
000038f0  37 ac 92 7e c4 8b 4c a7  8b c8 1f e8 70 16 b9 8e  |7..~..L.....p...|
00003900  00 09 40 ae ef 30 d7 37  08 01 b3 02 e0 81 df 7c  |..@..0.7.......||
00003910  a4 55 b6 fe 61 a7 9b 0e  38 f5 fd dd 49 00 fc 73  |.U..a...8...I..s|
00003920  30 bd 4c 91 9a 0b ce 97  f5 3f f9 a2 c5 87 68 0f  |0.L......?....h.|
00003930  89 e9 72 0f f9 07 19 ce  24 d7 11 20 01 c8 f5 1d  |..r.....$.. ....|
00003940  e6 fa 12 08 0c 8e 05 c8  93 87 6e 7f 54 da 4f 75  |..........n.T.Ou|
00003950  4e cb 83 9e 04 c0 1f 07  d3 0b fe d3 36 bf 67 dd  |N...........6.g.|
00003960  fb 53 29 5a ba d0 17 85  a2 fc 81 0e 67 91 eb 08  |.S)Z........g...|
00003970  90 00 e4 fa 0e 73 7d a7  21 e0 59 01 3a 1a 3b e5  |.....s}.!.Y.:.;.|
00003980  3f 08 08 9c 0e 6d 2f f3  04 a0 4d 0a 6b ea 1c d3  |?....m/...M.k...|
00003990  f6 34 04 39 66 cb b1 8b  ab 0b 00 85 a2 66 bf fe  |.4.9f........f..|
000039a0  25 b2 f2 53 d7 88 9e 0d  35 fd 7b ae 81 6c 59 07  |%..S....5.{..lY.|
000039b0  e7 49 04 52 41 80 04 20  15 d4 f8 9e ac 45 c0 13  |.I.RA.. .....E..|
000039c0  bc 96 01 80 3f bb ff b6  4f 8e a3 5d f0 54 fb 7b  |....?...O..].T.{|
000039d0  d3 4d 00 62 7d 28 6e 54  98 2f 0d 77 dc 2d db de  |.M.b}(nT./.w.-..|
000039e0  78 a9 c4 1b 3b 40 00 66  58 21 1b 12 80 e1 8f ab  |x...;@.fX!......|
000039f0  ed 01 84 7d 7e 79 a9 9c  7d ff af 25 bf a6 d2 fe  |...}~y..}..%....|
00003a00  4d d3 7f d6 7e bc 39 f1  09 22 40 02 30 41 c0 f8  |M...~.9.."@.0A..|
00003a10  f2 dc 40 c0 13 c0 5a 15  f0 81 9f 6d b1 26 41 53  |..@...Z....m.&AS|
00003a20  a9 f5 a5 44 00 b4 54 2d  e0 57 ef b4 17 bc 68 b9  |...D..T-.W....h.|
00003a30  eb d0 60 e3 d1 08 4c d7  61 69 fe c3 bd b2 ed 4d  |..`...L.ai.....M|
00003a40  ef 90 d8 a9 56 29 a8 ae  43 5b 5b 5a 00 46 3b b1  |....V)..C[[Z.F;.|
00003a50  b1 ae 6e 59 f9 f9 8f c8  dc 37 be 2c 37 0e 36 57  |..nY.....7.,7.6W|
00003a60  41 04 26 80 00 09 c0 04  c0 e2 4b 73 03 81 e4 ca  |A.&.......Ks....|
00003a70  80 ba a2 13 b0 00 6c ff  f3 1e 29 28 ca 37 79 3a  |......l...)(.7y:|
00003a80  15 16 73 8f 00 74 35 77  cb da a7 ad 94 45 9b e7  |..s..t5w.....E..|
00003a90  25 08 88 47 44 12 e9 69  5e 91 1a fb ae f5 6a 9c  |%..GD..i^.....j.|
00003aa0  f2 c6 a1 3c 34 a8 d1 42  35 49 57 eb 3d f7 cb 23  |...<4..B5IW.=..#|
00003ab0  17 bf 4e a2 a7 da a5 a8  76 16 5d 00 23 1c 59 c3  |..N.....v.].#.Y.|
00003ac0  10 1b 5d 71 ce 26 d9 78  c7 37 1c 2b 89 bb f1 b4  |..]q.&.x.7.+....|
00003ad0  98 e4 c6 e7 9c ab 18 1b  01 12 80 b1 31 e2 2b 72  |............1.+r|
00003ae0  10 81 81 dc 6f 47 a0 3e  fa fb 9d d2 7c ac 5d 2c  |....oG.>....|.],|
00003af0  f8 7b 0a 18 40 b2 05 60  f5 53 97 cb a2 4d 73 ad  |.{..@..`.S...Ms.|
00003b00  63 a1 13 7b ee 74 2f 74  7a d0 a3 10 8d 76 a2 1b  |c..{.t/tz....v..|
00003b10  61 4e bd 47 4f 48 ef a1  93 12 69 6c 91 c8 a9 7a  |aN.GOH....il...z|
00003b20  69 fa fd dd 70 03 dc 85  b7 86 24 5c 54 34 ed 15  |i...p.....$\T4..|
00003b30  0f fd 78 74 8c 60 21 e8  2f de d3 23 67 fd e3 17  |..xt.`!./..#g...|
00003b40  52 ba 6e 85 55 01 d4 9f  4f b5 2b c8 8f f8 70 4e  |R.n.U...O.+...pN|
00003b50  c1 41 80 04 20 38 7b cd  95 0e 41 20 41 02 20 75  |.A.. 8{...A A. u|
00003b60  bb 5b 7b 10 10 b8 15 42  20 04 e1 eb a4 0a 66 f2  |.[{....B .....f.|
00003b70  4a 58 00 9a 60 01 78 e6  2a 59 b0 61 ae 93 92 38  |JX..`.x.*Y.a...8|
00003b80  cc 4d a3 ad 1d d2 bd ff  b0 44 8e 9d 92 be fa 66  |.M.......D.....f|
00003b90  e9 d9 7f 48 7a 8f 1c 93  de fa 46 08 ff a3 d2 db  |...Hz.....F.....|
00003ba0  74 4c a2 bd 1d 22 9d 51  91 1e f8 b4 cb aa 20 e0  |tL...".Q...... .|
00003bb0  b0 8e 58 8c 75 ec 87 e2  a9 9a 7f 7e 9e 44 5b 3a  |..X.u......~.D[:|
00003bc0  64 e9 4d 97 cb a2 f7 fe  b7 09 7f 0b 06 64 cd ff  |d.M..........d..|
00003bd0  4c 1e 79 8e ed 43 04 48  00 7c b8 29 9c 52 e6 11  |L.y..C.H.|.).R..|
00003be0  48 14 80 d1 a8 6f 68 d9  2a 79 4f ee ae 47 9f 80  |H....oh.*yO..G..|
00003bf0  dd 52 58 5a e0 68 e3 19  24 01 5e 26 42 67 4b 8f  |.RXZ.h..$.^&BgK.|
00003c00  6c 7c ea 32 99 bf b4 4c  3a d1 a7 a0 ef f0 51 e9  |l|.2...L:.....Q.|
00003c10  3b d5 28 3d 07 0e 4b ef  c1 23 d2 73 fc 94 44 ea  |;.(=..K..#.s..D.|
00003c20  9b a4 f7 c4 11 e9 eb 6a  10 e9 45 ac 42 7b 1c 32  |.......j..E.B{.2|
00003c30  0b df 01 13 ca d5 b8 56  02 7c 47 0c 40 b8 a0 04  |.......V.|G.@...|
00003c40  dd eb 0a 1d 2b 82 2b d4  32 8f 66 f6 dc c1 e9 f8  |....+.+.2.f.....|
00003c50  17 97 ea f3 cf 96 b5 3f  fe bc 84 4b 8a 13 93 cf  |.......?...K....|
00003c60  e4 7e 67 0f 42 9c 69 90  10 20 01 08 d2 6e 73 ad  |.~g.B.i.. ...ns.|
00003c70  83 10 48 76 03 98 e1 1d  42 7f d7 df f6 1b 11 08  |..Hv....B.......|
00003c80  17 c0 b7 9e 88 b4 4b 3f  70 16 87 a0 f7 0c 17 48  |......K?p......H|
00003c90  59 45 91 14 7e ef f3 d2  f9 af 3b a4 b7 af 58 fa  |YE..~.....;...X.|
00003ca0  3b db 60 92 80 06 1f f5  5a 19 c3 05 00 41 1f 2a  |;.`.....Z....A.*|
00003cb0  04 4b 41 ab da 30 be 24  1f 7d ea 11 b1 ae 5f a2  |.KA..0.$.}...._.|
00003cc0  b1 00 8e c8 b7 80 c0 7e  34 3e d2 4b 05 1a 49 c0  |.......~4>.K..I.|
00003cd0  c0 de 99 89 bf a0 c0 c8  de 19 7f fb 91 94 ae 58  |...............X|
00003ce0  ea c6 53 10 ab f4 9f 70  8e 98 0d 08 90 00 64 c3  |..S....p......d.|
00003cf0  2e 71 8e 19 45 20 91 1a  08 81 d9 db d9 2b 8f fc  |.q..E .......+..|
00003d00  6e a7 f4 c0 25 e0 09 d1  4c dd dc 5c 0d 68 36 13  |n...%...L..\.h6.|
00003d10  2d 28 95 d8 de 3d 12 fe  d4 d5 22 4d bb 45 ca 97  |-(...=...."M.E..|
00003d20  4a 9e 6a ef 10 f4 1a d9  6f ed 68 55 d8 c3 52 61  |J.j.....o.hU..Ra|
00003d30  42 de ed 5a e7 7d 77 7e  36 30 4b 4f 93 a5 f0 1f  |B..Z.}w~60KO....|
00003d40  22 fc 0b 0b a5 f7 e4 29  59 ff d3 2f c9 ac 0b 9f  |"......)Y../....|
00003d50  9d 30 fd 33 ef 3f 53 27  9c e3 fa 1d 01 12 00 bf  |.0.3.?S'........|
00003d60  ef 10 e7 97 51 04 92 5d  01 9e 0f b8 ad be 43 1e  |....Q..]......C.|
00003d70  fa d5 36 28 db 1a 0f 90  19 57 80 dd 57 b5 76 37  |..6(.....W..W.v7|
00003d80  1a bd 7f d6 1c c9 3b 76  54 f2 6e ba 52 e2 07 51  |......;vT.n.R..Q|
00003d90  a2 b8 76 a1 20 37 d1 f4  7a 2f 32 60 a8 c5 22 19  |..v. 7..z/2`..".|
00003da0  18 ad 6b d0 1f c2 98 88  61 60 fb ba c1 47 c6 b0  |..k.....a`...G..|
00003db0  86 e6 1f 6d 6a 91 85 1f  78 b3 2c b9 fe 7d 70 fb  |...mj...x.,..}p.|
00003dc0  00 af a4 97 d1 fc 9f d1  8f 19 07 f7 29 02 24 00  |............).$.|
00003dd0  3e dd 18 4e 6b ea 10 f0  04 6b 72 14 f8 c9 3d 0d  |>..Nk....kr...=.|
00003de0  c8 0c d8 25 45 e5 85 4e  6d f8 74 c7 03 b8 2e 00  |...%E..Nm.t.....|
00003df0  b3 32 b8 05 69 fa 67 cf  91 d0 91 c3 22 37 5c 21  |.2..i.g....."7\!|
00003e00  72 70 87 84 66 2c 46 20  9f 92 00 7d 11 44 bc be  |rp..f,F ...}.D..|
00003e10  c7 fd 3e 15 99 0a 53 b7  03 19 bc 93 62 0b 2b 4a  |..>...S.....b.+J|
00003e20  bc bb 5b 6a 9f f5 14 59  f5 d5 1b a5 a0 b6 ca e2  |..[j...Y........|
00003e30  00 0c d3 74 ef 6b 06 97  c2 a1 89 40 ba 11 20 01  |...t.k.....@.. .|
00003e40  48 37 a2 1c 2f 6b 11 48  76 05 68 90 de c1 07 8e  |H7../k.Hv.h.....|
00003e50  ca 81 07 0f 4b 61 31 48  40 26 32 03 5c 53 be 09  |....Ka1H@&2.\S..|
00003e60  75 8c af df fb e7 cc 95  bc a3 2e 09 38 30 40 02  |u...........80@.|
00003e70  2c 3b 40 85 d5 54 15 2a  c8 da 5d 4c 9a b8 7a 46  |,;@..T.*..]L..zF|
00003e80  14 38 60 5b bc 64 01 4c  ff 5f 94 92 65 8b 06 09  |.8`[.d.L._..e...|
00003e90  7f ba 49 72 61 a3 b9 86  54 11 20 01 48 15 39 be  |..Ira...T. .H.9.|
00003ea0  2f a7 10 18 54 7c c7 d2  ef 43 12 e9 8d ca de fb  |/...T|...C......|
00003eb0  0e a2 50 d0 29 c9 d7 22  41 e9 74 07 78 82 7c 18  |..P.).."A.t.x.|.|
00003ec0  12 20 20 01 a1 23 47 44  6e fc 80 c8 01 75 07 a8  |.  ..#GDn....u..|
00003ed0  d0 42 45 3f 92 80 09 9d  39 8d 8d d0 b8 09 ad a3  |.BE?....9.......|
00003ee0  b0 e9 b7 df 94 f2 33 d7  3b c2 5f b9 14 eb fd 4f  |......3.;._....O|
00003ef0  08 4b be 38 37 11 20 01  c8 cd 7d e5 aa 52 40 60  |.K.87. ...}..R@`|
00003f00  68 05 3e 35 0f f7 76 f6  c9 ce 7b f6 4a f3 d1 56  |h.>5..v...{.J..V|
00003f10  09 23 7f 5c 55 4a 47 b0  a4 a1 4e c0 88 24 00 f7  |.#.\UJG...N..$..|
00003f20  99 a3 ee 80 43 20 01 57  8a ec 87 25 60 e6 22 c4  |....C .W...%`.".|
00003f30  04 44 9d 88 00 ef de b4  06 0c bb cb 09 ad 1e 42  |.D.............B|
00003f40  3e d6 d1 29 eb 7f f6 65  99 f1 9c 27 5b bc 85 b9  |>..)...e...'[...|
00003f50  79 5c ff 7f 5a f6 30 85  73 c6 b7 10 01 bf 20 40  |y\..Z.0.s..... @|
00003f60  02 e0 97 9d e0 3c 7c 81  c0 70 24 a0 ab b5 db 4a  |.....<|..p$....J|
00003f70  05 77 34 76 21 e3 4e c3  ed d2 98 5e 37 2c 09 40  |.w4v!.N....^7,.@|
00003f80  8e bf d6 26 98 33 cf 25  01 97 1b 09 10 c4 04 84  |...&.3.%........|
00003f90  34 ff df 73 47 d0 25 70  da 99 19 10 fe 21 89 b6  |4..sG.%p.....!..|
00003fa0  75 ca 9a af df 24 b3 5f  fd 5f f6 ba 84 1b 47 5d  |u....$._._....G]|
00003fb0  2e be 38 6d 9c 04 11 98  5e 04 48 00 a6 17 7f de  |..8m....^.H.....|
00003fc0  dd 87 08 0c 4b 02 5a 40  02 fe e2 92 00 b8 07 d2  |....K.Z@........|
00003fd0  9a 63 3f 94 04 a8 96 af  31 01 9a e3 0f 12 20 b0  |.c?.....1..... .|
00003fe0  04 84 34 30 f0 c0 76 92  80 51 ce 4b b2 f0 8f 34  |..40..v..Q.K...4|
00003ff0  b6 ca 0a b4 f7 5d f0 ce  d7 d9 3b 92 e3 3b 18 47  |.....]....;..;.G|
00004000  e1 c3 0f 1d a7 34 2d 08  90 00 4c 0b ec bc a9 df  |.....4-...L.....|
00004010  11 48 0e 0e f3 fe ae 8d  7b 76 dc bd 47 da d5 12  |.H......{v..G...|
00004020  90 29 12 e0 48 2b c7 d4  ef c5 07 cc 05 09 38 0c  |.)..H+........8.|
00004030  12 80 14 41 d9 da f3 7b  ef 00 00 20 00 49 44 41  |...A...{... .IDA|
00004040  54 af 24 60 11 7e 07 82  40 4b 40 e2 18 25 f6 0b  |T.$`.~..@K@..%..|
00004050  aa 7d a4 a5 5d 96 dd 72  85 2c d4 32 bf aa eb 27  |.}..]..r.,.2...'|
00004060  55 44 64 d0 9f df 3f 79  9c df 54 22 40 02 30 95  |UDd...?y..T"@.0.|
00004070  68 f3 5e 59 87 40 c2 1a  a0 01 80 10 fa 5d cd 5d  |h.^Y.@.......].]|
00004080  20 01 7b 33 43 02 5c e1  9f 88 f6 77 35 57 8b 3a  | .{3C.\....w5W.:|
00004090  98 b7 00 a9 81 07 25 74  33 2c 01 fb 77 8a a0 4e  |......%t3,..w..N|
000040a0  80 fd 3c 1e 1b e8 64 17  c0 98 00 af 9e 82 62 a6  |..<...d.......b.|
000040b0  a4 29 d6 06 e1 8f e0 c9  05 97 bd 39 51 30 29 ad  |.).........9Q0).|
000040c0  d6 9a ac 3b c1 9c 30 11  18 19 01 12 00 9e 0e 22  |...;..0........"|
000040d0  30 06 02 89 62 41 a8 07  90 87 ca 7d 1d 20 01 bb  |0...bA.....}. ..|
000040e0  ee d9 2f ed f5 e8 1e 88  7f a7 5d c0 0c 75 09 78  |../.......]..u.x|
000040f0  45 83 e6 ce 17 39 74 40  f2 6e be 52 fa 35 26 c0  |E....9t@.n.R.5&.|
00004100  48 80 96 30 0e 26 09 48  d6 e6 e3 6e e3 a3 65 1f  |H..0.&.H...n..e.|
00004110  bd 4c e6 5f fa 1a 96 f8  e5 a7 9a 08 8c 03 01 12  |.L._............|
00004120  80 71 80 c4 97 10 81 a1  24 a0 bb ad 57 76 df b7  |.q......$...Wv..|
00004130  5f 9a 0e b5 58 76 80 47  02 14 a9 b4 44 97 0f 47  |_...Xv.G....D..G|
00004140  02 d4 35 30 5f 2d 01 20  01 b7 80 04 ec 73 49 80  |..50_-. .....sI.|
00004150  5a b9 21 00 13 3d ed 03  60 09 48 58 66 94 00 45  |Z.!..=..`.HXf..E|
00004160  22 12 2e 2f 93 e5 b7 5e  29 b3 5f f5 62 14 6e 02  |"../...^)._.b.n.|
00004170  16 56 3a 39 8d c1 9a fc  08 10 81 1c 44 80 04 20  |.V:9........D.. |
00004180  07 37 95 4b ca 0c 02 83  ca 06 6b 9d 80 ee 88 ec  |.7.K......k.....|
00004190  f9 e7 21 a9 47 d5 40 75  0f 78 bd e4 d3 e6 67 3e  |..!.G.@u.x....g>|
000041a0  8d 04 a0 22 a1 36 fb 59  80 94 c0 03 fb 41 02 ae  |...".6.Y.....A..|
000041b0  82 25 00 31 01 b5 0b 1c  61 17 10 12 60 f8 6a 1e  |.%.1....a...`.j.|
000041c0  3f 62 20 e2 7d 11 29 5e  38 4f 96 7f e2 83 32 e3  |?b .}.)^8O....2.|
000041d0  b9 4f 91 78 04 f5 12 90  f7 4f e1 9f 99 cf 00 47  |.O.x.....O.....G|
000041e0  cd 2d 04 48 00 72 6b 3f  b9 9a 0c 23 30 b4 77 80  |.-.H.rk?...#0.w.|
000041f0  fe 7b ff bf 0f cb d1 47  4f 3a 39 e6 19 4d 13 d4  |.{.....GO:9..M..|
00004200  de 04 d0 6e d5 12 b0 00  e6 ff fd fb 25 74 eb 07  |...n........%t..|
00004210  1d 12 50 03 12 a0 42 11  b5 02 72 d5 12 90 f0 f7  |..P...B...r.....|
00004220  c3 ed 12 ef 43 4d 84 68  54 2a ce d9 28 2b 3e 79  |....CM.hT*..(+>y|
00004230  b5 54 9c bd d1 c8 40 a8  00 0d 94 a8 f9 67 f8 53  |.T....@......g.S|
00004240  c0 e1 73 05 01 12 80 5c  d9 49 ae 63 ca 10 18 44  |..s....\.I.c...D|
00004250  02 b4 2a 00 b4 ff 63 3b  4e ca a1 87 8e 4a 4f 7b  |..*...c;N....JO{|
00004260  5f c2 25 a0 13 4a 8b 35  20 d9 12 a0 c2 4d a3 ff  |_.%..J.5 ....M..|
00004270  35 4d 70 21 b2 01 f6 ed  1b 20 01 66 09 c8 4d 12  |5Mp!..... .f..M.|
00004280  30 10 e5 1f 92 58 4f af  ed 75 dd 8b 9f 29 cb 6e  |0....XO..u...).n|
00004290  ba 5c 8a 16 cc 31 e1 9f  57 88 56 bf e9 c2 7c ca  |.\...1..W.V...|.|
000042a0  4e 13 6f 44 04 a6 0f 01  12 80 e9 c3 9e 77 ce 62  |N.oD.........w.b|
000042b0  04 06 48 00 62 cf 61 96  cf 43 1c 40 cb f1 36 39  |..H.b.a..C.@..69|
000042c0  f0 c0 11 69 3d d1 66 2b  0b c3 14 9d 36 81 34 1c  |...i=.f+....6.4.|
000042d0  09 80 c9 bf 7f 11 8a 03  ed db 2b a1 8f c3 12 a0  |..........+.....|
000042e0  31 01 39 66 09 48 68 fd  66 f2 ef 97 78 4f 8f e4  |1.9f.Hh.f...xO..|
000042f0  d7 56 cb dc 37 5d 2c 8b  af f8 1f 09 15 15 22 06  |.V..7],.......".|
00004300  20 2a 79 d0 fc 07 e5 fa  67 f1 d9 e2 d4 89 c0 54  | *y.....g......T|
00004310  21 40 02 30 55 48 f3 3e  39 87 c0 a0 28 f4 28 32  |!@.0UH.>9...(.(2|
00004320  04 40 02 fa ba fb 64 df  bf 0e 4b c3 81 26 89 f5  |.@....d...K..&..|
00004330  c5 24 5c e0 90 80 b4 10  81 61 2d 01 20 01 0b 41  |.$\......a-. ..A|
00004340  02 f6 82 04 7c e2 6a 90  00 2f 26 20 fb 2d 01 c9  |....|.j../& .-..|
00004350  25 7d e3 dd 3d 12 8f c6  a4 f2 31 9b 64 e1 fb 2e  |%}..=.....1.d...|
00004360  91 99 d0 fe 2d f2 1f 57  1e ba fd a5 c5 d2 92 73  |....-..W.......s|
00004370  27 94 0b 22 02 a3 23 40  02 c0 13 42 04 26 81 40  |'.."..#@...B.&.@|
00004380  b2 d6 a9 a5 66 bd 40 c0  93 bb 1b e4 e8 b6 e3 d2  |....f.@.........|
00004390  76 aa c3 7e a6 e4 40 13  d5 27 ad a5 8e 66 09 48  |v..~..@..'...f.H|
000043a0  26 01 59 6c 09 48 ae e8  a7 98 c5 3a ba 24 5c 59  |&.Yl.H.....:.$\Y|
000043b0  26 b5 cf bb 40 96 5c f3  2e 29 59 ba 00 96 80 5e  |&...@.\..)Y....^|
000043c0  d3 fe e9 ef 9f c4 e1 e5  5b 03 8f 00 09 40 e0 8f  |........[....@..|
000043d0  00 01 48 07 02 c9 e5 83  d5 54 ad f5 01 ba db ba  |..H......T......|
000043e0  e5 e0 83 47 a4 f1 70 ab  65 0c a8 35 40 e3 05 3c  |...G..p.e..5@..<|
000043f0  22 90 72 ba e0 70 24 00  da 71 ff 62 cf 1d 90 9d  |".r..p$..q.b....|
00004400  96 80 64 73 3f 3a f6 48  ac b3 5b e2 bd 7d 52 75  |..ds?:.H..[..}Ru|
00004410  fe d9 32 e7 8d 17 c9 9c  d7 5c 28 21 0b 00 74 fc  |..2......\(!..t.|
00004420  fd 93 26 53 e9 d8 78 8e  41 04 b2 18 01 12 80 2c  |..&S..x.A......,|
00004430  de 3c 4e dd 5f 08 0c e4  a6 23 4a 3f e6 90 00 fd  |.<N._....#J?....|
00004440  59 fd be 46 39 be b3 5e  5a 8e b5 9a f0 0f 17 ba  |Y..F9..^Z.......|
00004450  6e 01 d7 22 90 12 11 18  d3 12 e0 c6 04 64 41 60  |n..".........dA`|
00004460  e0 20 41 ae 98 41 c0 ab  d6 5f b4 70 ae d4 3c f3  |. A..A..._.p..<.|
00004470  89 b2 10 55 fd 4a 57 2e  71 a2 fc 61 ee 57 12 40  |...U.JW.q..a.W.@|
00004480  93 bf bf ce 3e 67 93 9d  08 90 00 64 e7 be 71 d6  |....>g.....d..q.|
00004490  3e 46 60 90 35 40 53 03  e1 02 d0 b6 c2 27 76 9d  |>F`.5@S......'v.|
000044a0  92 fa fd 4d d2 76 b2 43  f2 61 0d 50 8b 80 be 36  |...M.v.C.a.P...6|
000044b0  65 4d 76 50 9d 00 2d 7a  83 ec 00 a4 c6 f5 2f 5e  |eMvP..-z....../^|
000044c0  e2 c6 04 24 93 00 37 85  50 6b 07 fa a4 8b e0 69  |...$..7.Pk.....i|
000044d0  82 1f 95 16 63 6d 1d 12  ae aa 90 9a 0b ce 97 d9  |....cm..........|
000044e0  af 79 b1 cc 7c c1 d3 6d  a7 d5 12 10 82 d6 4f 93  |.y..|..m......O.|
000044f0  bf 8f 0f 3e a7 96 75 08  90 00 64 dd 96 71 c2 d9  |...>..u...d..q..|
00004500  80 c0 70 2e 01 9d 77 7b  43 87 1c db 7e 0a d6 80  |..p...w{C...~...|
00004510  36 e9 6a 82 6f 1b d6 00  8f 08 58 31 fb 89 56 f1  |6.j.o.....X1..V.|
00004520  1b ae 58 90 65 07 2c 11  41 76 40 de a0 ec 00 ff  |..X.e.,.Av@.....|
00004530  90 00 a7 98 0f c8 48 1e  48 10 62 27 b4 86 7f 5e  |......H.H.b'...^|
00004540  61 a1 54 3f f9 5c 99 79  d1 f3 2c c5 2f bf ba 12  |a.T?.\.y..,./...|
00004550  81 7f 4e 5d 03 d5 fc a9  f5 67 c3 c9 e7 1c b3 09  |..N].....g......|
00004560  01 12 80 6c da 2d ce 35  eb 10 18 8e 08 a8 9c 57  |...l.-.5.......W|
00004570  77 80 ba 06 9a 8f b6 49  a7 12 81 82 3c b3 0a e8  |w......I....<...|
00004580  ef 26 1c 23 70 9a 25 00  c5 82 12 24 60 9f 4b 02  |.&.#p.%....$`.K.|
00004590  92 2a 06 6a 31 a1 69 b2  04 78 55 fc cc 97 8f b8  |.*.j1.i..xU.....|
000045a0  85 58 7b 07 2a f7 e5 4b  f5 53 ce 93 99 2f 7c ba  |.X{.*..K.S.../|.|
000045b0  d4 a2 9a 5f f1 a2 f9 0e  17 62 55 bf ac 3b ef 9c  |..._.....bU..;..|
000045c0  70 76 21 40 02 90 5d fb  c5 d9 66 21 02 c9 a6 6e  |pv!@..]...f!...n|
000045d0  0d 10 d4 cb b4 5f 88 b9  96 63 ed 52 7f a0 d1 2c  |....._...c.R...,|
000045e0  02 1d da 66 18 3f 0e 17  a2 9a 1d fe e2 bd 76 5c  |...f.?........v\|
000045f0  9a ef b0 24 40 8b 05 2d  46 d9 60 90 80 5b 51 36  |...$@..-F.`..[Q6|
00004600  d8 52 04 51 3c 48 e3 10  b5 98 90 4d c4 69 97 6b  |.R.Q<H.....M.i.k|
00004610  df 33 74 25 a7 f3 a9 26  af b9 fc d1 b6 4e 8b ec  |.3t%...&.....N..|
00004620  af 7e 12 34 fe e7 3f cd  7c fd c5 4b d0 e7 00 97  |.~.4..?.|..K....|
00004630  f9 fa b5 9c af e6 fe 27  b5 f2 cd d0 f4 38 2c 11  |.......'.....8,.|
00004640  08 2c 02 24 00 81 dd 7a  2e 7c aa 11 18 6a 0d 50  |.,.$...z.|...j.P|
00004650  21 ef 05 00 b6 9d 6c 97  56 c4 06 34 1f 69 b6 ef  |!.....l.V..4.i..|
00004660  d1 de a8 11 81 30 34 65  33 0a a8 90 76 bf 8f 18  |.....04e3...v...|
00004670  34 38 6c ef 00 97 04 ec  07 09 b8 c5 2d 1b 6c 24  |48l.........-.l$|
00004680  00 3f d7 16 c7 19 22 01  83 84 be 57 b7 bf ab 5b  |.?...."....W...[|
00004690  a2 5d ed 52 ba 74 a9 54  3c e1 1c 99 f1 bc a7 4a  |.].R.t.T<......J|
000046a0  d5 e3 ce 32 8d 3f 21 f8  19 e4 37 d5 c7 92 f7 0b  |...2.?!...7.....|
000046b0  30 02 24 00 01 de 7c 2e  7d 7a 10 18 1a 24 68 3e  |0.$...|.}z...$h>|
000046c0  6e 57 03 ef 6e eb 41 9c  40 27 5c 03 ad d2 86 8a  |nW..n.A.@'\.....|
000046d0  82 1d 70 0f 40 3d 37 f7  40 a2 96 80 f9 08 46 98  |..p.@=7.@.....F.|
000046e0  fb 88 0d 84 16 c2 12 a0  5d 04 dd 06 42 33 40 02  |........]...B3@.|
000046f0  10 34 98 48 bd 4b 97 05  40 19 05 ca 11 ab 89 5f  |.4.H.K..@......_|
00004700  2d 0b 31 14 f0 89 b5 77  4a 5e 59 89 54 9e b3 49  |-.1....wJ^Y.T..I|
00004710  aa 9e f8 18 98 fb 1f 27  e5 67 ae 93 02 54 f4 33  |.......'.g...T.3|
00004720  c1 8f 6e 7e d6 bd cf f5  f3 3b 9c 24 73 16 89 e9  |..n~.....;.$s...|
00004730  d9 75 de 95 08 f8 0f 01  12 00 ff ed 09 67 14 00  |.u...........g..|
00004740  04 92 4d db a6 dd db 1f  27 63 40 af 28 9a dd 74  |..M.....'c@.(..t|
00004750  b5 74 5b 7c 40 cb 89 76  69 af ef c0 df bb d5 06  |.t[|@..vi.......|
00004760  60 25 86 35 c5 d0 a9 29  a0 ef b2 1f 0f 5c a3 91  |`%.5...).....\..|
00004770  00 6d 25 7c f3 08 24 c0  b3 06 8c 03 ff c4 fc 55  |.m%|..$........U|
00004780  50 2b 81 b1 80 3e 98 ec  e1 b7 57 13 bf e6 f0 87  |P+...>....W.....|
00004790  0a 0a a4 ec cc b5 a8 de  77 86 f9 f8 cb d6 ad 94  |........w.......|
000047a0  d2 75 2b 1c ab 43 42 f0  3b a6 7e fd 21 cd fd e3  |.u+..CB.;.~.!...|
000047b0  00 9e 2f 21 02 69 44 80  04 20 8d 60 72 28 22 30  |../!.iD.. .`r("0|
000047c0  51 04 06 09 3d 97 04 e8  cf 3c 22 a0 e3 f5 f5 44  |Q...=....<"....D|
000047d0  a4 b7 bd 57 3a 9b bb ac  b2 60 67 63 37 2c 03 9d  |...W:....`gc7,..|
000047e0  12 e9 41 0d 7c 10 01 ed  40 98 20 04 2e 19 70 69  |..A.|...@. ...pi|
000047f0  81 e3 df 57 e9 0a 9f bf  91 85 f9 b0 04 1c 44 2b  |...W..........D+|
00004800  e1 9b af 44 17 c1 9d 22  66 09 40 d6 80 c6 04 a8  |...D..."f.@.....|
00004810  20 76 c9 83 33 2f 63 04  ce 92 4c d0 3b df 13 dd  | v..3/c...L.;...|
00004820  06 f1 83 fe 68 04 02 bf  cf d2 f4 e2 d1 5e 29 ac  |....h........^).|
00004830  ab 93 b2 4d 6b a4 e2 ac  0d 52 79 de 99 52 82 fc  |...Mk....Ry..R..|
00004840  fd e2 25 0b 25 bf a2 cc  86 31 b2 83 74 3f 0d 76  |..%.%....1..t?.v|
00004850  b0 fb b9 3f a3 c6 3f d1  93 c3 d7 13 81 c9 23 40  |...?..?.......#@|
00004860  02 30 79 0c 39 02 11 48  0b 02 c3 5b 05 54 b1 1e  |.0y.9..H...[.T..|
00004870  30 87 ab 65 a0 af 0b 84  00 75 05 ba 9a 95 08 74  |0..e.....u.....t|
00004880  a1 e2 60 8f 59 0b 7a 3b  9c 2e 79 16 5b e0 c6 17  |..`.Y.z;..y.[...|
00004890  98 69 dd 4d fd 77 c8 00  ae 79 0b a4 1f 24 20 74  |.i.M.w...y...$ t|
000048a0  e3 e5 70 0b ec 42 5b 3d  90 00 47 05 77 e5 bd 2b  |..p..B[=..G.w..+|
000048b0  ec 3d e1 af ae 02 08 6d  6d bf ab 1a be 7e 8f f5  |.=.....mm....~..|
000048c0  21 2f 1f 43 15 ce 9b 2b  65 eb a1 d9 43 d0 97 6d  |!/.C...+e...C..m|
000048d0  58 2d a5 f8 7b d1 fc d9  f8 f9 6c 09 97 14 27 70  |X-..{.....l...'p|
000048e0  e9 47 c4 bf bd c1 15 fa  cc e7 4f cb 91 e1 20 44  |.G........O... D|
000048f0  60 52 08 90 00 4c 0a 3e  be 99 08 a4 1f 81 41 05  |`R...L.>......A.|
00004900  72 5c ab 80 99 f8 4d 90  0f f6 8d 47 60 1d 50 52  |r\....M....G`.PR|
00004910  10 e9 89 59 23 22 b5 14  74 b5 f6 e0 ef 11 2b 3f  |...Y#"..t.....+?|
00004920  ac 44 c1 79 8d 6a f9 18  03 29 80 1a fa 17 9a 8f  |.D.y.j...)......|
00004930  c0 bb 43 07 d1 4a f8 6a  09 1d de 2d 52 50 09 4b  |..C..J.j...-RP.K|
00004940  80 43 00 34 38 b0 df 1a  ed 38 37 cd 2b 2a 92 82  |.C.48....87.+*..|
00004950  19 35 10 ea b3 ac 3a 5f  e1 dc 3a 29 5e b6 c8 f9  |.5....:_..:)^...|
00004960  5a 80 7f d7 d5 4a 18 39  fb 05 f8 4a be 9c 31 8c  |Z....J.9...J..1.|
00004970  91 24 e6 4e 33 7f fa cf  0b 47 24 02 a9 22 40 02  |.$.N3....G$.."@.|
00004980  90 2a 72 7c 1f 11 98 02  04 06 a5 10 7a 1a bc 7b  |.*r|........z..{|
00004990  df 91 cc e6 d1 48 0c e6  78 14 d7 d1 ef 5a 5d 2f  |.....H..x....Z]/|
000049a0  e2 fc 3d 82 cc 02 6d 58  14 85 eb 40 7f 2f 35 b5  |..=...mX...@./5.|
000049b0  22 7b 77 4b e4 8e 5f 5b  4b 63 d1 f6 c5 f8 79 b8  |"{wK.._[Kc....y.|
000049c0  b6 4a c2 e5 a5 f8 2a 93  c2 99 35 92 3f b3 5a f2  |.J....*...5.?.Z.|
000049d0  2b 2b 25 af b4 d8 f9 79  49 09 52 f8 ca 4f 23 23  |++%....yI.R..O##|
000049e0  66 5f 50 a1 9f 30 39 38  84 25 ed 81 86 53 80 3b  |f_P..098.%...S.;|
000049f0  6f 41 04 82 80 00 09 40  10 76 99 6b cc 19 04 92  |oA.....@.v.k....|
00004a00  33 08 86 5b d4 78 7d e9  6a d2 77 1a 13 20 2f 1f  |3..[.x}.j.w.. /.|
00004a10  91 fa e6 97 77 6b 02 58  c9 5d 37 0f 7f 34 e0 34  |....wk.X.]7..4.4|
00004a20  6e c0 b3 4c 38 2a be ab  f0 7b 42 9f 91 fc 39 73  |n..L8*...{B...9s|
00004a30  ee b8 90 dc 44 80 04 20  37 f7 95 ab 0a 08 02 9e  |....D.. 7.......|
00004a40  85 60 bc cb 3d 9d 20 b8  be 85 11 06 70 32 14 86  |.`..=. .....p2..|
00004a50  e4 1c 0e 11 ec f4 e7 8f  17 7d be 8e 08 f8 0b 01  |.........}......|
00004a60  12 00 7f ed 07 67 43 04  d2 86 c0 58 d6 82 89 dc  |.....gC....X....|
00004a70  88 42 7e 22 68 f1 b5 44  20 3b 10 20 01 c8 8e 7d  |.B~"h..D ;. ...}|
00004a80  e2 2c 89 00 11 20 02 44  80 08 a4 15 01 12 80 b4  |.,... .D........|
00004a90  c2 c9 c1 88 00 11 20 02  44 80 08 64 07 02 24 00  |...... .D..d..$.|
00004aa0  d9 b1 4f 9c 25 11 20 02  44 80 08 10 81 b4 22 40  |..O.%. .D....."@|
00004ab0  02 90 56 38 39 18 11 20  02 44 80 08 10 81 ec 40  |..V89.. .D.....@|
00004ac0  80 04 20 3b f6 89 b3 24  02 44 80 08 10 01 22 90  |.. ;...$.D....".|
00004ad0  56 04 48 00 d2 0a 27 07  23 02 44 80 08 10 01 22  |V.H...'.#.D...."|
00004ae0  90 1d 08 90 00 64 c7 3e  71 96 44 80 08 10 01 22  |.....d.>q.D...."|
00004af0  40 04 d2 8a 00 09 40 5a  e1 e4 60 44 80 08 10 01  |@.....@Z..`D....|
00004b00  22 40 04 b2 03 01 12 80  ec d8 27 ce 92 08 10 01  |"@........'.....|
00004b10  22 40 04 88 40 5a 11 20  01 48 2b 9c 1c 8c 08 10  |"@..@Z. .H+.....|
00004b20  01 22 40 04 88 40 76 20  40 02 90 1d fb c4 59 12  |."@..@v @.....Y.|
00004b30  01 22 40 04 88 00 11 48  2b 02 24 00 69 85 93 83  |."@....H+.$.i...|
00004b40  11 01 22 40 04 88 00 11  c8 0e 04 48 00 b2 63 9f  |.."@.......H..c.|
00004b50  38 4b 22 40 04 88 00 11  20 02 69 45 80 04 20 ad  |8K"@.... .iE.. .|
00004b60  70 72 30 22 40 04 88 00  11 20 02 d9 81 00 09 40  |pr0"@.... .....@|
00004b70  76 ec 13 67 49 04 88 00  11 20 02 44 20 ad 08 90  |v..gI.... .D ...|
00004b80  00 a4 15 4e 0e 46 04 88  00 11 20 02 44 20 3b 10  |...N.F.... .D ;.|
00004b90  20 01 c8 8e 7d e2 2c 89  00 11 20 02 44 80 08 a4  | ...}.,... .D...|
00004ba0  15 01 12 80 b4 c2 c9 c1  88 00 11 20 02 44 80 08  |........... .D..|
00004bb0  64 07 02 24 00 d9 b1 4f  9c 25 11 20 02 44 80 08  |d..$...O.%. .D..|
00004bc0  10 81 b4 22 40 02 90 56  38 39 18 11 20 02 44 80  |..."@..V89.. .D.|
00004bd0  08 10 81 ec 40 80 04 20  3b f6 89 b3 24 02 44 80  |....@.. ;...$.D.|
00004be0  08 10 01 22 90 56 04 48  00 d2 0a 27 07 9b 28 02  |...".V.H...'..(.|
00004bf0  fd fd fd 12 0a 85 44 bf  e3 7f 22 f1 b8 33 04 7e  |......D..."..3.~|
00004c00  26 79 79 89 df e9 6b 78  e5 0e 02 a7 ed 3b b6 1e  |&yy...kx.....;..|
00004c10  07 e0 f4 05 da be e3 4b  ff b8 e7 84 67 21 77 ce  |.......K....g!w.|
00004c20  01 57 32 bd 08 90 00 4c  2f fe 81 bd bb 27 00 ec  |.W2....L/....'..|
00004c30  b1 0f c1 df 1f 8d 4a 5e  41 c1 20 3c fa 63 20 03  |......J^A. <.c .|
00004c40  4a 10 f2 c3 0e 41 30 5e  40 22 90 8d 87 c6 f6 4f  |J....A0^@".....O|
00004c50  b7 4e b7 51 49 9e ee 79  5c 7f 16 c2 be e7 8f ba  |.N.QI..y\.......|
00004c60  a4 7e bc be 3f 1a 73 49  40 1e 88 a1 b1 81 49 13  |.~..?.sI@.....I.|
00004c70  82 41 24 c4 e7 a0 a6 9d  fc d8 7e 00 47 f7 73 95  |.A$.......~.G.s.|
00004c80  f8 fb 38 3f 5f 43 b1 4b  fb fc 7c be 1f b9 32 3d  |..8?_C.K..|...2=|
00004c90  12 80 5c d9 c9 2c 5d 87  09 81 fe b8 84 c2 61 89  |..\..,].......a.|
00004ca0  34 36 4b e7 8e bd 26 20  f2 ab 2a a5 7c d3 1a 5b  |46K...& ..*.|..[|
00004cb0  55 3c 12 71 c8 81 f7 d0  ca d2 b5 06 71 da 09 41  |U<.q........q..A|
00004cc0  a1 42 1f 84 0e 62 ff 34  a2 17 eb ee 91 48 7d 93  |.B...b.4.....H}.|
00004cd0  c4 ba bb 25 04 ab 8f b3  e9 38 17 20 7e 05 d5 55  |...%.....8. ~..U|
00004ce0  92 3f a3 da b8 43 f2 15  ef 8b e0 b5 f8 29 ce cd  |.?...C.......)..|
00004cf0  64 85 8f 92 4f 8f 60 fa  71 8f 42 79 58 63 d8 c5  |d...O.`.q.ByXc..|
00004d00  65 82 13 1c b4 2e b3 b0  61 07 4c e8 eb e7 ce e8  |e.......a.L.....|
00004d10  f7 04 47 1c ee e5 20 63  d8 2b dd bb 64 62 9f 86  |..G... c.+..db..|
00004d20  81 39 44 86 11 20 01 c8  30 c0 1c 7e 78 04 12 82  |.9D.. ..0..~x...|
00004d30  21 16 33 e1 7f f4 4b df  95 a6 3b fe 2c bd 47 4e  |!.3...K...;.,.GN|
00004d40  d8 43 24 5c 54 24 65 9b  56 cb bc 37 bd 42 2a 1e  |.C$\T$e.V..7.B*.|
00004d50  b3 c9 48 40 48 35 45 53  5c 68 05 f0 fb b9 4a d6  |..H@H5ES\h....J.|
00004d60  10 55 7b 57 01 e6 09 f7  9e 83 47 a5 63 db 6e e9  |.U{W......G.c.n.|
00004d70  d9 b9 4f ba f7 1e 92 de  13 a7 24 d6 da 21 f1 be  |..O.......$..!..|
00004d80  be 01 02 a0 42 0a 02 25  5c 56 0a 32 58 21 45 f3  |....B..%\V.2X!E.|
00004d90  e7 48 c9 aa 25 52 b2 72  a9 94 ad 5b 21 05 33 6a  |.H..%R.r...[!.3j|
00004da0  1c 9e 80 f3 a3 42 cd 04  d0 04 5d 04 d9 26 ac 26  |.....B....]..&.&|
00004db0  32 df 41 c4 4b 2d 28 c0  28 af 70 b0 85 2d dd 67  |2.A.K-(.(.p..-.g|
00004dc0  68 22 f3 4b f7 bd 39 5e  6a 08 90 00 a4 86 1b df  |h".K..9^j.......|
00004dd0  35 09 04 cc e4 ef fa fe  f5 a1 bd e7 b2 1b e5 e4  |5...............|
00004de0  b7 7e 02 0b 40 8b 09 7e  55 f7 fa 23 51 08 fd 3e  |.~..@..~U..#Q..>|
00004df0  a9 7c dc 59 b2 e4 23 ef  95 da a7 3f 61 c0 12 30  |.|.Y..#....?a..0|
00004e00  89 7b f3 ad 99 45 20 e1  aa c1 26 f6 c7 a0 59 ab  |.{...E ...&...Y.|
00004e10  89 1f 04 2f 0a ed be f9  8f f7 4a f3 ef fe 2a 5d  |.../......J...*]|
00004e20  8f ee 94 be e3 f5 f6 15  6d 6b b7 09 29 09 74 08  |........mk..).t.|
00004e30  42 92 46 aa 0a ab 09 78  58 88 d4 1a 30 b3 56 0a  |B.F....xX...0.V.|
00004e40  e7 d4 49 e1 ec 99 52 7e  c6 3a a9 be e0 7c a9 79  |..I...R~.:...|.y|
00004e50  fa e3 ed 7d 71 9c 17 e5  85 3a 8e fe 65 3c c2 28  |...}q....:..e<.(|
00004e60  8e 71 f3 f0 de a3 5f f8  b6 74 6c d9 99 70 2b 64  |.q...._..tl..p+d|
00004e70  16 a1 f1 8f de 8f b5 e7  15 17 c9 8c e7 3f 1d e7  |.............?..|
00004e80  ff 7c c3 33 14 1e c3 5d  92 14 53 e3 10 2f c5 d5  |.|.3...]..S../..|
00004e90  21 cc fa f9 ea 82 85 4d  09 57 14 7f 8f b5 b6 4b  |!......M.W.....K|
00004ea0  ac b3 1b 56 14 c7 a5 32  6e 0b 9b 19 0f 40 ba 60  |...V...2n....@.`|
00004eb0  99 88 77 75 49 41 6d b5  cc 7c e9 73 a4 78 d1 7c  |..wuIAm..|.s.x.||
00004ec0  87 8c a5 68 ad 18 3f 32  7c 65 ba 10 20 01 48 17  |...h..?2|e.. .H.|
00004ed0  92 1c 67 42 08 78 0f e8  86 5f dd 25 db 2e 7e a7  |..gB.x..._.%..~.|
00004ee0  69 27 a1 42 d5 f0 3d 01  e0 3e b4 9a 9a a5 f6 19  |i'.B..=..>......|
00004ef0  4f 94 d5 df fa 84 14 ce  a8 75 fc c0 9e 99 78 42  |O........u....xB|
00004f00  77 e4 8b 33 8d c0 80 d6  a9 31 1d 70 db 14 16 c2  |w..3.....1.p....|
00004f10  ac df 23 0d 3f ff 9d d4  ff f8 0e e9 d8 ba 53 7a  |..#.?.........Sz|
00004f20  0f 1c 51 71 2f 79 45 85  d8 6f ec 39 04 bb c3 f8  |..Qq/yE..o.9....|
00004f30  46 30 45 db 31 70 7e df  0f 2b 90 9a fe fb 7b 61  |F0E.1p~..+....{a|
00004f40  29 c0 d8 c5 4b e6 4b f9  e6 75 32 e3 45 4f 97 59  |)...K.K..u2.EO.Y|
00004f50  2f 7f be 43 04 d4 35 90  9f 6f 42 6f 2c 12 e0 fd  |/..C..5..oBo,...|
00004f60  fe 3f 17 bc 52 5a ff f2  0f 7f 12 80 92 62 59 7c  |.?..RZ.......bY||
00004f70  f5 3b 64 f1 55 6f 1b 93  00 0f 58 d5 54 e3 07 b9  |.;d.Uo....X.T...|
00004f80  81 c5 2c d2 de 21 2d 7f  f8 bb b4 fc f9 5e 13 fe  |..,..!-......^..|
00004f90  7d f5 cd 12 c3 cf e2 5d  dd 12 ef e9 95 fe be 28  |}......].......(|
00004fa0  2c 2d 2e c6 46 be c6 63  5d 73 f7 2a 04 bc 7b 7a  |,-..F..c]s.*..{z|
00004fb0  a4 70 ee 6c 59 f5 e5 8f  c9 8c 67 3f d9 88 d8 58  |.p.lY.....g?...X|
00004fc0  31 1d 99 3e 87 1c 7f fc  08 90 00 8c 1f 2b be 32  |1..>.........+.2|
00004fd0  4d 08 78 0f 2a d5 c0 1e  c1 c3 b7 e3 e1 ed a6 35  |M.x.*..........5|
00004fe0  a8 99 d2 33 ef 27 5e a3  c1 81 d0 82 96 5c f7 1e  |...3.'^......\..|
00004ff0  99 ff d6 57 d9 03 3e d3  a6 cc 34 2d 33 50 c3 24  |...W..>...4-3P.$|
00005000  f6 4b 35 76 d5 fa 21 8c  9b fe f0 37 39 f6 f9 6f  |.K5v..!....79..o|
00005010  4b fb 03 8f 48 df 89 06  db b7 bc d2 e2 01 81 ef  |K...H...........|
00005020  0a fd d1 02 3c 07 09 71  8f 0c a8 46 8b b3 13 eb  |....<..q...F....|
00005030  86 00 83 96 5b 38 67 a6  54 9e 77 a6 cc bd e4 62  |....[8g.T.w....b|
00005040  90 c5 27 98 f0 33 93 f7  18 c1 a3 de d8 5b 5f f2  |..'..3.......[_.|
00005050  3f d2 e2 47 02 a0 67 bf  b4 44 16 5d fe 16 59 f0  |?..G..g..D.]..Y.|
00005060  ce 37 48 0c c2 3a ac 24  79 c8 95 8c 9f 17 2f a3  |.7H..:.$y...../.|
00005070  df 4f 7d ef 57 72 ea 87  bf 71 04 ff d1 93 b0 20  |.O}.Wr...q..... |
00005080  c0 22 a0 a4 4b ad 02 aa  a5 bb 59 36 29 1f 54 ec  |."..K.....Y6).T.|
00005090  b3 ba 6d 8a e6 cf 95 15  9f fd b0 d4 3c ed 7c c4  |..m.........<.|.|
000050a0  79 c0 4a 91 9f 59 57 43  ca f3 e5 1b 4f 43 80 04  |y.J..YWC....OC..|
000050b0  80 87 62 ca 11 50 c1 af  82 5e cd 8f ff 5c f1 64  |..b..P...^...\.d|
000050c0  68 21 11 9b c3 50 df be  13 39 8e 87 0c 34 95 79  |h!...P...9...4.y|
000050d0  6f 7e 85 2c ff e4 d5 46  00 c2 d0 1e 79 f9 04 01  |o~.,...F....y...|
000050e0  d5 cc dd bd f3 84 4f b4  ad 43 0e de f0 05 68 fd  |......O..C....h.|
000050f0  b7 4b 1f 62 3a 34 76 23  af 04 ae 1d 8b 3d 73 dd  |.K.b:4v#.....=s.|
00005100  3f ce 86 a7 b4 88 04 29  30 9b bf 73 3e 54 b8 15  |?......)0..s>T..|
00005110  c0 35 30 fb e2 17 c8 e2  6b de 25 61 dc 2f 59 1b  |.50.....k.%a./Y.|
00005120  1d ce 1a e0 fd ec d1 97  5f 2a cd bf ff 9b ff 2c  |........_*.....,|
00005130  00 4a 00 10 03 a1 da ff  fc b7 bf 6e 64 ed da fb  |.J.........nd...|
00005140  9c 40 18 ab d5 a5 13 b1  15 07 ae bd 0d 56 8d 7f  |.@...........V..|
00005150  4a a4 b9 15 1a 79 18 24  1a c4 2b 39 ea 7f 24 8b  |J....y.$..+9..$.|
00005160  cb 44 76 04 44 4c b1 2f  5e b2 00 04 e0 3a a9 79  |.Dv.DL./^....:.y|
00005170  ca 79 96 cd a3 16 18 5e  d9 81 00 09 40 76 ec 53  |.y.....^....@v.S|
00005180  4e cd d2 7b f0 46 e0 ff  bd 7f dd 33 41 04 ba 46  |N..{.F.....3A..F|
00005190  36 eb e3 41 a5 5a c6 dc  b7 bd 46 56 dc 72 a5 3d  |6..A.Z....FV.r.=|
000051a0  70 d4 22 c0 cb 1f 08 24  34 7f 4f f8 6c df 2b fb  |p."....$4.O.l.+.|
000051b0  ae ba 55 9a ff f0 57 d3  d2 c3 d0 60 ed 4a 8a fb  |..U...W....`.J..|
000051c0  48 d7 cc 07 13 01 28 9f  20 94 2a 00 ab 20 88 96  |H.....(. .*.. ..|
000051d0  7f e2 2a 29 5d be d8 62  08 d4 35 30 5c 80 60 c2  |..*)]..b..50\.`.|
000051e0  02 70 d1 db a4 e5 ae bf  fb 93 00 a8 05 00 04 60  |.p.............`|
000051f0  c1 3b 5e 3f 2c 01 f0 b4  7f 25 5f 61 ac bd 19 42  |.;^?,....%_a...B|
00005200  7f df 15 37 49 e7 43 b0  aa 99 e0 1f 4c bc 2c 7d  |...7I.C.....L.,}|
00005210  32 5d 1b a0 e4 ab b7 57  8a e0 fb 5f f1 b9 eb a4  |2].....W..._....|
00005220  f6 a9 8f 23 01 48 17 b6  53 34 0e 09 c0 14 01 cd  |...#.H..S4......|
00005230  db 0c 20 e0 3d 78 a3 f0  45 de bf e1 d9 a2 df 47  |.. .=x..E......G|
00005240  8a ec 77 72 c0 a3 32 ef  d2 d7 ca f2 9b 2e c7 03  |..wr..2.........|
00005250  07 5a 0e 2d 00 be 38 4e  b6 8f 98 49 cc b5 ca b4  |.Z.-..8N...I....|
00005260  de f7 a0 ec 7d df c7 a4  e3 3f 8f 62 8f 8a 4c 00  |....}....?.b..L.|
00005270  79 69 67 99 cc dc f0 e6  21 ea 46 82 4b 40 03 48  |yig.....!.F.K@.H|
00005280  4b 56 2f 93 b5 df fa a4  94 ad 5f 29 71 2f 0b 61  |KV/......._)q/.a|
00005290  48 70 60 c2 02 f0 32 58  00 e0 ae f0 6a 0b f8 02  |Hp`...2X....j...|
000052a0  5c e5 4c 63 58 00 bc f9  c7 54 f8 23 4d b6 09 7e  |\.LcX....T.#M..~|
000052b0  fe bd ef bc 4e ba 77 1f  84 e5 a0 c4 f9 4c e9 e7  |....N.w......L..|
000052c0  c7 b5 d0 a4 7d 5d 9e 05  60 31 2c 00 20 00 b4 00  |....}]..`1,. ...|
000052d0  a4 1d e1 8c 0f 48 02 90  71 88 79 83 a1 08 24 08  |.....H..q.y...$.|
000052e0  00 4c c5 ff de f0 2c 89  75 74 8e 9c da 07 21 a3  |.L....,.ut....!.|
000052f0  02 66 de a5 b0 00 dc 7c  05 09 80 4f 8e 53 42 f8  |.f.....|...O.SB.|
00005300  40 f3 57 cd b3 e9 ae bf  c9 9e 77 7d 44 7a 0e 1c  |@.W.......w}Dz..|
00005310  36 73 b3 59 9b 93 62 3a  46 9a f6 20 ff bf e7 e3  |6s.Y..b:F.. ....|
00005320  f7 5e ec 99 a9 c7 59 ff  61 c0 22 00 b9 87 f8 80  |.^....Y.a.".....|
00005330  e2 15 4b 64 ed f7 3e 2d  e5 4a 02 5c b7 53 32 11  |..Kd..>-.J.\.S2.|
00005340  c9 09 0b 00 48 82 fa f2  3b b7 ee 92 3d ef fc b0  |....H...;...=...|
00005350  b4 de fb 20 d2 26 cb a7  84 78 69 41 26 73 01 90  |... .&...xiA&s..|
00005360  00 f8 e4 53 39 f1 69 90  00 4c 1c 33 be 63 92 08  |...S9.i..L.3.c..|
00005370  0c b2 00 6c 7c 8e a5 82  8d a8 21 aa 0b 00 1a 9d  |...l|.....!.....|
00005380  12 00 5a 00 26 09 7c 9a  de 9e 30 fb bb 11 df ad  |..Z.&.|...0.....|
00005390  f7 3e 20 bb 2f bd 06 c1  66 7b 10 b4 56 ea 14 fc  |.> ./...f{..V...|
000053a0  73 d3 d1 46 13 fc b6 e7  de 97 be 47 03 08 93 7c  |s..F.......G...||
000053b0  d3 96 ed e1 65 7c a0 58  d4 78 6a d6 24 ee 6b c2  |....e|.X.xj.$.k.|
000053c0  a9 4f 8a 97 2d 92 0d bf  fe 9a 14 2f 9c 6b c1 81  |.O..-....../.k..|
000053d0  5e 06 49 b2 4b e0 51 df  5a 00 10 f0 5a 56 36 6c  |^.I.K.Q.Z...ZV6l|
000053e0  0c 80 11 27 2f 88 12 24  60 ef fb 6f 94 a3 9f f9  |...'/..$`..o....|
000053f0  a6 14 d4 21 53 46 0b 2e  8d 81 7f 5a 8e 02 5d 00  |...!SF.....Z..].|
00005400  69 81 71 3a 07 21 01 98  4e f4 03 7a ef 64 0b c0  |i.q:.!..N..z.d..|
00005410  3f 97 23 08 d0 d5 ce 46  82 23 86 94 a5 b9 6f ba  |?.#....F.#....o.|
00005420  58 56 7e fa 5a f3 39 aa  79 99 d7 f4 20 e0 ed 9d  |XV~.Z.9.y... ...|
00005430  95 e6 85 c9 bd 6b db 1e  68 fe d0 3c ff 76 bf e4  |.....k..h..<.v..|
00005440  95 97 09 1e 28 e3 13 3e  6e 00 a0 c6 77 28 c1 cb  |....(..>n...w(..|
00005450  2f 2f 35 61 9d 5f 5d e9  98 ad 21 c4 b4 28 54 df  |//5a._]...!..(T.|
00005460  b1 93 4e 39 68 2f 65 d0  ad 64 37 aa 4b c1 cb 66  |..N9h/e..d7.K..f|
00005470  03 09 88 75 74 4b 0d 32  03 56 7f e3 66 2b 1e 64  |...utK.2.V..f+.d|
00005480  d9 01 ea 2a 70 85 a7 8e  b3 f5 c2 b7 3a 59 00 78  |...*p.......:Y.x|
00005490  bd 79 c8 c7 72 92 7b e3  27 07 35 8e 12 d0 38 34  |.y..r.{.'.5...84|
000054a0  56 61 cc 6c 3b 77 7c c5  58 b3 26 16 7d e0 ad b2  |Va.l;w|.X.&.}...|
000054b0  e0 5d 6f 38 2d 06 20 e6  5a 5f 4e fd e8 76 d9 f9  |.]o8-. .Z_N..v..|
000054c0  a6 2b 2c 2f 7f 3c e9 8f  7a 72 d2 42 10 68 01 98  |.+,/.<..zr.B.h..|
000054d0  9e 0f 61 1a ef 4a 02 90  46 30 39 d4 f8 10 88 e3  |..a..J..F09.....|
000054e0  e1 9b 87 07 a6 e6 28 3f  00 17 40 14 c1 5b 23 c6  |......(?..@..[#.|
000054f0  00 a8 40 81 0b 60 fe db  5e 2d cb 10 03 10 43 0c  |..@..`..^-....C.|
00005500  00 b3 00 c6 87 73 a6 5e  a5 84 4d 35 f7 18 5c 38  |.....s.^..M5..\8|
00005510  7b 3f 70 83 1c ff ea 0f  51 ae b7 46 42 2a b8 47  |{?p.....Q..FB*.G|
00005520  d1 3c 07 99 e8 b1 a7 f9  95 15 c8 e1 7f 86 09 68  |.<.............h|
00005530  ad f6 98 5f 01 d3 75 42  f8 e2 2f d0 6c 7b 8e 1c  |..._..uB../.l{..|
00005540  97 d6 7b fe 25 8d 77 fe  45 5a ff fc 4f ab 15 a1  |..{.%.w.EZ..O...|
00005550  82 ce 62 0b b4 18 cd 48  82 d7 75 1b f4 c3 82 a0  |..b....H..u.....|
00005560  05 6f 96 22 8d 74 c1 7b  fe 5b 42 45 4e 8a 5a b2  |.o.".t.{.[BEN.Z.|
00005570  05 e0 e1 67 bd 56 5a ff  fa ef 89 c5 00 58 a5 42  |...g.VZ......X.B|
00005580  2d 81 ab f3 81 a5 62 24  37 85 37 0f d5 ca d5 5c  |-.....b$7.7....\|
00005590  3f 81 cb 08 00 b2 19 16  5d fe 56 59 74 c5 ff 38  |?.......].VYt..8|
000055a0  b1 16 20 42 09 ed 1f 6b  8f 62 6d 7b df f3 11 39  |.. B...k.bm{...9|
000055b0  f1 cd 9f 48 c1 ac 99 16  ff 30 da 67 29 f1 3b 0f  |...H.....0.g).;.|
000055c0  b7 c9 64 03 78 69 80 f3  66 cb 8a cf 7c 58 6a 9f  |..d.xi..f...|Xj.|
000055d0  f9 44 ab ff c0 34 c0 09  6c f2 34 bf 94 04 60 9a  |.D...4..l.4...`.|
000055e0  37 60 3a 6e 9f fc 90 f6  34 a1 f1 cc 63 a2 a5 56  |7`:n....4...c..V|
000055f0  47 34 ff ba a6 d8 38 1e  8a d1 86 06 44 6a 8f f6  |G4....8.....Dj..|
00005600  20 77 82 98 c2 d0 10 0b  2a 2b cd 97 ab 39 e6 e9  | w......*+...9..|
00005610  ba 26 b2 fe e4 7b 66 32  a8 6d e8 da 12 5a f7 44  |.&...{f2.m...Z.D|
00005620  1e d6 1a ed 9d 94 a2 97  0e bc 3c ac ac 42 1d 04  |..........<..B..|
00005630  df 11 e4 f8 ef 7e e7 87  a4 b0 76 86 a3 b5 8f 20  |.....~....v.... |
00005640  fc 9d 92 f3 6e d7 47 b7  01 d0 fc b7 bf 56 e6 5f  |....n.G......V._|
00005650  fa 6a c9 af a9 1e b5 ae  83 bd 17 63 6b fa 67 c7  |.j.........ck.g.|
00005660  43 db e4 10 d2 0b 9b 40  06 c2 28 0f 1c f2 ea da  |C......@..(.....|
00005670  8f 14 d9 ee 09 65 68 fc  d1 96 36 39 f3 be 9f 4b  |.....eh...69...K|
00005680  e5 d9 1b 12 f1 00 3a 5f  3d 4b 1a bc d8 0b a2 e1  |......:_=K......|
00005690  44 cc 8f 72 16 5d 10 6d  fd e5 e5 d2 7b f8 98 1c  |D..r.].m....{...|
000056a0  fd fc b7 a4 1b 79 f6 96  66 37 dc fe b8 66 f2 ca  |.....y..f7...f..|
000056b0  27 9c 8b 3a 16 af b0 2c  05 2b 6b 3d 0e 8b 81 05  |'..:...,.+k=....|
000056c0  34 62 8d 65 9b d7 48 29  e2 19 f4 f3 a2 d6 0b 83  |4b.e..H)........|
000056d0  44 03 04 b1 07 4a 8c 76  5e 72 a5 93 49 a3 f9 fd  |D....J.v^r..I...|
000056e0  23 9c 91 41 67 48 f1 d4  b1 cc aa 02 02 33 ce ca  |#..AgH.......3..|
000056f0  89 a7 9d 21 5b 1b ea 00  2c 9e 27 2b 6e bb 06 41  |...![...,.'+n..A|
00005700  80 8f 75 08 c8 18 cd 9d  d2 71 16 39 46 7a 10 20  |..u......q.9Fz. |
00005710  01 48 0f 8e 59 31 4a e2  01 ed 0a 06 4f 13 1a cf  |.H..Y1J.....O...|
00005720  e4 87 0a ca 94 1f 1a ae  30 48 39 07 1c ef 1f cb  |........0H9.....|
00005730  42 3b 22 f1 18 e1 e1 38  5e 61 9e 30 1b ab 3c 4b  |B;"....8^a.0..<K|
00005740  ba c9 78 df 3f 1e 9c bd  d7 24 3f b0 cd a7 ee fe  |..x.?....$?.....|
00005750  62 bc f7 1a 14 5c 67 f2  d7 89 d8 4f 19 77 57 30  |b....\g....O.wW0|
00005760  6a 44 bd 16 d8 69 81 c9  7f e7 1b 3f 80 72 be 27  |jD...i.....?.r.'|
00005770  cd 25 33 92 1b 27 b1 0e  9d 03 04 5f c5 39 1b 65  |.%3..'....._.9.e|
00005780  19 d2 39 2b ce da e0 34  8f 71 f7 73 44 22 e6 0a  |..9+...4.q.sD"..|
00005790  77 ef 75 6a f6 ae ff c1  ed 72 f0 fa cf 48 df a9  |w.uj.....r...H..|
000057a0  06 47 80 79 eb 1b 46 a8  da fd b5 42 20 5c 47 55  |.G.y..F....B \GU|
000057b0  4f 3c 57 d6 7e e7 53 92  5f 5b 35 68 be e3 c5 34  |O<W.~.S._[5h...4|
000057c0  b1 37 10 9e 5a 48 a7 e7  d0 51 d9 fd f6 6b a5 e9  |.7..ZH...Q...k..|
000057d0  77 77 23 f0 ae 0a be 77  b8 45 86 5e 5a 06 b9 bd  |ww#....w.E.^Z...|
000057e0  5d e6 bd 15 16 ac 8f 5d  66 69 91 66 b9 48 e1 14  |]......]fi.f.H..|
000057f0  7b 7c 46 d7 64 95 fe 30  f6 c1 8f 7e 4e f6 7e e8  |{|F.d..0...~N.~.|
00005800  26 29 9a 3d 57 44 eb 69  8c 84 81 0a 6b cc bb 00  |&).=WD.i....k...|
00005810  2e 96 59 af 7a a1 d4 3c  f9 3c 29 59 b3 1c f3 d1  |..Y.z..<.<)Y....|
00005820  c2 4c a9 bb 04 0c 5f cc  23 5c 51 66 4d 9e d2 4d  |.L...._.#\QfM..M|
00005830  d0 27 f2 99 e1 6b 27 8e  00 09 c0 c4 31 cb ba 77  |.'...k'.....1..w|
00005840  0c d5 20 47 d5 3e 5c 01  3d 96 86 62 b2 c4 15 28  |.. G.>\.=..b...(|
00005850  69 f1 27 66 10 d5 a1 c4  67 2c 41 38 9e f5 0c 2b  |i.'f....g,A8...+|
00005860  60 53 2c 6c 93 bc f4 e1  ac 33 63 ee c5 28 b9 dd  |`S,l.....3c..(..|
00005870  c9 da 77 e2 41 9f 22 11  50 bf bc 23 4c 7b 64 ef  |..w.A.".P..#L{d.|
00005880  15 b7 c8 91 4f 7f 43 8a  66 d5 8d a8 d1 26 ce 9d  |....O.C.f....&..|
00005890  0a 1f f4 02 98 f3 ba 97  c2 8d 73 05 4c ff 65 6e  |..........s.L.en|
000058a0  23 ba 01 1a 95 5c 01 d2  99 de 40 79 e0 64 f2 d3  |#....\....@y.d..|
000058b0  af 9d 23 51 82 b6 fd 3f  db 64 f7 db 3e 24 1d 8f  |..#Q...?.d..>$..|
000058c0  6c 87 99 1c 59 07 5e 50  dc 08 02 50 cb d3 f6 35  |l...Y.^P...P...5|
000058d0  34 cb a6 db bf 21 b5 28  59 3b 74 ff 26 72 fc ac  |4....!.(Y;t.&r..|
000058e0  a2 1e 84 5e d7 ae fd 20  00 d7 48 0b 5c 14 f9 95  |...^... ..H.\...|
000058f0  70 5f 68 fb ea d3 08 00  ac 0f ed 9d 32 e7 35 ff  |p_h.........2.5.|
00005900  25 cb 3f 7e 95 b9 3d c6  73 be 46 9a 8f 09 7f 97  |%.?~..=.s.F.....|
00005910  8c f5 9d a8 97 3d ef be  5e ea 7f fa 5b ab c7 af  |.....=..^...[...|
00005920  2e 93 d3 08 80 e2 02 b2  12 ef 8d 48 e5 b9 9b 65  |...........H...e|
00005930  d5 97 3e 2a c5 a8 8f e0  bd 2e 55 32 3d e2 fc bc  |..>*......U2=...|
00005940  e7 c2 44 00 e5 6b a7 0d  01 12 80 69 83 3e f3 37  |..D..k.....i.>.7|
00005950  3e 4d f0 b9 0f 47 cf ac  aa 0f b2 5e 34 64 e9 7c  |>M...G.....^4d.||
00005960  78 87 69 33 d1 e6 16 f3  b7 6b ad f5 30 1e 68 aa  |x.i3.....k..0.h.|
00005970  5d 15 21 7a ba 74 ed 0a  29 59 be 08 da 42 a9 3d  |].!z.t..)Y...B.=|
00005980  4c 86 7b 58 4f e4 81 3a  88 90 24 3d e8 47 43 24  |L.{XO..:..$=.GC$|
00005990  f9 9e e3 d5 d8 92 e7 34  f4 a1 6b bf 53 17 04 e2  |.......4..k.S...|
000059a0  10 ba f7 1e 74 cb a5 9e  82 a9 b9 17 c2 aa c7 69  |....t..........i|
000059b0  59 0b 13 69 18 7e e9 d2  95 4e 17 ba 22 f8 3a d5  |Y..i.~...N..".:.|
000059c0  87 6c a6 56 77 b2 a3 dd  63 a2 3b 3c 12 51 4b 98  |.l.Vw...c.;<.QK.|
000059d0  c1 a1 41 f7 1e 39 89 66  3a bb ac 8b 9e d5 74 77  |..A..9.f:.....tw|
000059e0  3b e8 e5 15 17 4a b8 ba  5a ca 90 ff 5e 8a b4 b7  |;....J..Z...^...|
000059f0  82 99 f0 c9 bb 51 f4 9e  86 9c 10 ac 13 d4 f8 12  |.....Q..........|
00005a00  da b9 0a 3e 9c 89 06 74  6d dc f6 f2 b7 3b 8d 9b  |...>...tm....;..|
00005a10  46 12 bc 49 3e f8 38 d2  3c e7 a1 94 ed d2 0f 6b  |F..I>.8.<......k|
00005a20  85 be e2 84 f0 1d cf 7c  86 23 44 d6 1c 08 7b d0  |.......|.#D...{.|
00005a30  b1 65 07 48 c0 35 d2 7e  ff 23 70 11 81 54 e8 fc  |.e.H.5.~.#p..T..|
00005a40  86 23 61 e6 af 77 1a 06  55 9c bd 5e 36 fc ec cb  |.#a..w..U..^6...|
00005a50  16 6c 38 a2 d5 61 8c 8d  1b 4a 00 da 60 0d 51 17  |.l8..a...J..`.Q.|
00005a60  95 b5 30 1e 7a 69 20 22  62 5c 66 bd ea 45 93 22  |..0.zi "b\f..E."|
00005a70  00 c9 16 37 af da 5e db  83 5b 65 d7 5b 3e 28 dd  |...7..^..[e.[>(.|
00005a80  db f7 48 08 ee 8b e1 cc  ff 36 23 60 a2 e6 fe 33  |..H......6#`...3|
00005a90  ff fa 23 7c 8e 17 0f ca  86 18 b0 6a a1 77 c2 78  |..#|.......j.w.x|
00005aa0  d2 2c 86 ac cf b1 64 78  bd 01 d2 4d 27 26 fa 09  |.,....dx...M'&..|
00005ab0  e2 eb 27 8a 00 09 c0 44  11 cb 92 d7 0f 32 21 7b  |..'....D.....2!{|
00005ac0  82 5f b5 07 08 77 2d d4  d2 70 c7 5f a4 e5 4f 68  |._...w-..p._..Oh|
00005ad0  10 82 b2 a1 2a f4 bd 8e  61 ce f2 06 3e d4 96 cb  |....*...a...>...|
00005ae0  8d 0f 78 41 9d d6 5b 3f  43 6a 9f f3 14 74 60 7b  |..xA..[?Cj...t`{|
00005af0  02 fe 8d 76 ac ae 20 4c  36 2f 8f 47 bb f1 cc 84  |...v.. L6/.G....|
00005b00  1a d0 77 f2 bb bf 90 b8  56 70 43 71 9f a1 0f 7b  |..w.....VpCq...{|
00005b10  7b e8 41 48 5b 57 c0 b3  37 49 d5 e3 cf 4e f8 3e  |{.AH[W..7I...N.>|
00005b20  c7 da 86 61 c7 d2 47 15  84 a8 76 45 6b 44 13 22  |...a..G...vEkD."|
00005b30  0d 2e 6b fe f3 7d 26 48  55 ab 1c 14 80 96 f4 30  |..k..}&HU......0|
00005b40  f4 82 de 4a 40 04 6a 50  ed ac 06 c1 4e 95 8f 3b  |...J@.jP....N..;|
00005b50  db 31 9f 6a 95 b9 21 02  75 3c 18 24 cf 7f 58 21  |.1.j..!.u<.$..X!|
00005b60  e7 6a f5 da 4c a7 13 02  bf e1 57 7f 90 d6 3f fd  |.j..L.....W...?.|
00005b70  c3 ba d6 0d 4d 97 1f 34  96 0a 47 60 59 75 fe 59  |....M..4..G`Yu.Y|
00005b80  a8 cd fe 04 a9 bb f0 59  d6 41 cf 2b cf 3a 94 b0  |.......Y.A.+.:..|
00005b90  24 0b e1 d1 30 b5 8a 7a  d8 ef 18 52 36 f7 7d e0  |$...0..z...R6.}.|
00005ba0  66 04 fe 7d df 02 ff 4c  18 8d 64 76 d6 d7 c3 37  |f..}...L..dv...7|
00005bb0  5d 77 d1 73 65 c5 a7 3f  0c f3 f3 e9 da ef 78 b1  |]w.se..?......x.|
00005bc0  1a fa 3a cf 07 ae fb b7  f3 cd 57 49 e4 f8 a9 84  |..:.......WI....|
00005bd0  0f 7f a4 75 68 e3 a1 be  86 16 39 f3 9e 1f 48 e5  |...uh.....9...H.|
00005be0  e3 cf 31 1c 53 31 59 0f  25 00 7a 8e 94 30 8f 64  |..1.S1Y.%.z..0.d|
00005bf0  01 88 c1 02 30 3b 8d 16  00 d3 f4 41 c4 9a 7e ff  |....0;.....A..~.|
00005c00  57 d9 f9 fa cb cc 0f 3f  22 29 56 17 44 6b 9b 05  |W......?")V.Dk..|
00005c10  40 2e d1 12 c9 38 b3 1a  84 ab 6b 4f 76 2d 8d f5  |@....8....kOv-..|
00005c20  79 1a cf ef 27 e5 16 1c  cf 0d f8 9a b4 23 40 02  |y...'........#@.|
00005c30  90 76 48 a7 77 c0 e1 34  52 e5 e7 da fd ab 19 0f  |.vH.w..4R.......|
00005c40  8c 63 5f fc ae b4 fe fd  fe 81 08 e6 09 98 ad 95  |.c_.............|
00005c50  0c c4 60 ca 2d 9c 3b 4b  e6 fe f7 cb 65 36 b4 9a  |..`.-.;K....e6..|
00005c60  e2 c5 f3 1d 5f ae eb 5f  1f cf 43 c0 7b 98 47 10  |...._.._..C.{.G.|
00005c70  98 f5 8f 45 8f 77 05 ff  08 b8 69 a4 33 a2 cd e7  |...E.w....i.3...|
00005c80  be f1 65 b2 e6 eb 37 4b  0c 85 47 c2 63 94 02 1e  |..e...7K..G.c...|
00005c90  6c 61 d0 07 1d 88 04 7c  d7 da 14 e5 c4 37 7f 2a  |la.....|.....7.*|
00005ca0  27 be ff 4b 44 86 b7 59  6b 55 f5 67 8f f7 f2 ac  |'..KD..YkU.g....|
00005cb0  06 2a 7c 4a d7 2c 93 05  a8 cf ae 51 ec 6a 7e f5  |.*|J.,.....Q.j~.|
00005cc0  4c ed 9e 40 9d a8 60 4b  68 a3 ae e0 8f 42 70 2a  |L..@..`Kh....Bp*|
00005cd0  41 3b f6 85 ef 18 51 b1  c0 aa 09 34 6f 51 d2 a2  |A;....Q....4oQ..|
00005ce0  fe 7a 35 b7 6b a7 bc 85  ef 7e a3 14 ce 9f 63 42  |.z5.k....~....cB|
00005cf0  dc 23 34 e3 b5 aa d8 dc  5c ad bb 19 e9 72 db 2e  |.#4.....\....r..|
00005d00  ba 54 ab fc 38 81 ef c3  81 e7 6a dc 4a f0 ca 56  |.T..8.....j.J..V|
00005d10  2d 95 f5 bf f8 0a 2c 49  73 8c cc a9 df 7a bc d8  |-.....,Is....z..|
00005d20  8c b4 2f 1e 56 5e f9 db  63 5f f9 be ec 7e c7 35  |../.V^..c_...~.5|
00005d30  12 2e 83 10 b6 73 38 8c  26 ae 83 69 da 1a 4c e1  |.....s8.&..i..L.|
00005d40  b3 5f f1 42 6b 5e 93 4c  3a c7 6b 55 d2 61 4e 23  |._.Bk^.L:.kU.aN#|
00005d50  00 c8 20 50 1f f8 88 04  a0 a3 4b 66 bf fa c5 93  |.. P......Kf....|
00005d60  b2 00 78 58 58 41 23 6b  8f 9c 2f 27 d1 e8 67 e7  |..xXXA#k../'..g.|
00005d70  eb 10 57 60 f7 76 9a 30  0d bd f4 dc f4 9e 3c 25  |..W`.v.0......<%|
00005d80  eb 7f fa 25 99 75 e1 73  12 19 04 ec a8 39 de 4f  |...%.u.s.....9.O|
00005d90  7d 6e bf 8e 04 20 87 f6  77 90 26 e9 46 da ab e0  |}n... ..w.&.F...|
00005da0  6b bd f7 7e 39 74 f3 97  2d d7 59 b5 20 33 6f db  |k..~9t..-.Y. 3o.|
00005db0  93 cc 79 50 8e f6 40 4e  d6 ee ed c5 ee 43 46 fd  |..yP..@N.....CF.|
00005dc0  9a 45 73 eb 64 21 72 94  55 bb c9 c7 43 68 bc 24  |.Es.d!r.U...Ch.$|
00005dd0  c0 bb 9f 9a df ff ad bd  00 40 4e 46 7b 00 ab 86  |.........@NF{...|
00005de0  33 de 42 40 83 85 bf f3  40 d4 34 30 25 3e 87 6e  |3.B@....@.40%>.n|
00005df0  fe a2 69 4b c9 f5 e9 c7  5a ff 69 bf 77 d5 6f 35  |..iK....Z.i.w.o5|
00005e00  97 c6 5a 3b 2c a8 6d 39  2a 14 56 42 e3 d6 87 f2  |..Z;,.m9*.VB....|
00005e10  78 31 48 1e 77 a8 f0 ef  39 78 14 e9 75 37 4a c3  |x1H.w...9x..u7J.|
00005e20  4f ef 74 a2 dd b5 fb 9d  99 da c7 3e ac 83 f6 d2  |O.t........>....|
00005e30  dd 2b 5b 33 34 54 ed 28  37 f7 92 97 39 f9 f0 49  |.+[34T.(7...9..I|
00005e40  01 91 a3 91 36 7d 9d 7e  69 b4 bc 0a be 83 37 7d  |....6}.~i.....7}|
00005e50  41 0e 5c fd 71 34 de a9  43 d0 d9 30 3e 67 57 fc  |A.\.q4..C..0>gW.|
00005e60  2a b9 8a b6 34 cb c6 3b  bf 2d b5 17 3c 2e 11 79  |*...4..;.-..<..y|
00005e70  ef 11 a4 b1 57 32 f6 2b  8c c8 e0 d2 6a 74 bb 51  |....W2.+....jt.Q|
00005e80  85 f0 c4 d7 7e 20 f9 33  9d 42 38 23 81 15 ca d7  |....~ .3.B8#....|
00005e90  8c 80 76 79 ec 9e bb d1  bf 7e 9e ad cd 5b df d8  |..vy.....~...[..|
00005ea0  77 74 3f 36 43 62 00 34  85 70 aa 08 80 ed 9b 96  |wt?6Cb.4.p......|
00005eb0  36 86 60 3f fe f5 1f c9  8e 4b 3e 60 71 18 c3 a6  |6.`?.....K>`q...|
00005ec0  18 ea 6b f1 ba 28 2c 5e  67 fe ed c7 52 f1 d8 33  |..k..(,^g...R..3|
00005ed0  12 e4 2f 9d 99 34 e3 c5  8d af f3 1f 02 24 00 fe  |../..4.......$..|
00005ee0  db 93 d4 66 e4 f9 5c ed  89 e8 04 6b a9 f9 f5 d8  |...f..\....k....|
00005ef0  57 7e 80 88 e9 4f 3b 5d  f4 4a d0 98 c5 ad a8 96  |W~...O;].J......|
00005f00  aa 16 96 78 9f fa 97 35  55 bb a9 55 66 fe d7 33  |...x...5U..Uf..3|
00005f10  65 e9 0d 1f 30 5f 79 b2  76 39 d2 3d 12 04 40 9b  |e...0_y.v9.=..@.|
00005f20  01 69 25 c0 51 7a 01 58  db 57 b7 12 e0 58 a5 80  |.i%.Qz.X.W...X..|
00005f30  4f d3 fc fb 43 d2 f6 af  87 64 ef e5 37 49 fb bf  |O...C....d..7I..|
00005f40  1e b6 d6 aa 26 bf dd 87  7e aa c2 28 b1 2e 68 b3  |....&...~..(..h.|
00005f50  e6 83 47 5c c4 82 77 bd  51 16 bc ef 12 c9 47 f7  |..G\..w.Q.....G.|
00005f60  b6 e4 b2 b3 63 61 90 2c  80 74 8f ea 51 d4 65 ff  |....ca.,.t..Q.e.|
00005f70  87 3e 61 6e 0a f5 eb 9b  30 f3 c2 bf 27 78 32 12  |.>an....0...'x2.|
00005f80  f7 56 22 80 2f 75 75 54  3e ee 4c 59 f9 85 8f 4a  |.V"./uuT>.LY...J|
00005f90  19 e2 3a 4c 98 b8 63 8f  4a c0 dc 86 3a dd 7b 0e  |..:L..c.J...:.{.|
00005fa0  c8 8e 37 7c 00 31 23 68  34 83 b9 69 1a de 69 97  |..7|.1#h4..i..i.|
00005fb0  2b 74 22 08 b8 d3 e2 35  4b ae 85 d9 59 cd e3 6a  |+t"....5K...Y..j|
00005fc0  2d 50 22 93 a6 2b b1 d7  6a 0e c7 3e b4 ff e3 21  |-P"..+..j..>...!|
00005fd0  39 fe ed 9f d9 7a 94 e0  9e 96 95 a0 7b ae b6 20  |9....z......{.. |
00005fe0  1c db 18 08 c0 c2 2b ff  07 56 9c e5 46 3c 27 ea  |......+..V..F<'.|
00005ff0  06 98 4e 0b 80 67 85 52  22 af 96 8f 9d 6f b9 52  |..N..g.R"....o.R|
00006000  0a 91 ff af a4 60 b8 ab  5f 2d 4a f8 ac 6e fe e3  |.....`.._-J..n..|
00006010  f7 a4 7c e3 aa d3 ac 3f  69 da 0e 0e 93 a5 08 90  |..|....?i.......|
00006020  00 64 e9 c6 0d 9d b6 f7  28 f6 1e 4e 31 98 d7 55  |.d......(..N1..U|
00006030  f0 9d fc ce 2f cc d4 e9  15 2b 49 55 f0 9f 76 3f  |..../....+IU..v?|
00006040  37 f0 d3 12 c2 00 00 20  00 49 44 41 54 12 59 50  |7...... .IDAT.YP|
00006050  98 45 35 8c b2 0d 6b 64  e5 e7 af 93 aa c7 9d 65  |.E5...kd.......e|
00006060  a6 5e 2b 92 32 42 7e f1  20 0b c0 fa b1 7b 01 a8  |.^+.2B~. ....{..|
00006070  60 34 0b c0 28 bd 00 06  09 7f 95 36 10 4e 0d 3f  |`4..(......6.N.?|
00006080  ff bd 45 69 ab 0b 41 83  c4 d4 4c 9a ae f5 3b 3c  |..Ei..A...L...;<|
00006090  c2 49 31 53 7f 6c e4 64  bd cc 79 fd 4b d1 85 ee  |.I1S.l.d..y.K...|
000060a0  6a b8 04 aa c6 4d 02 2c  ef 1c 63 44 61 05 39 f2  |j....M.,..cDa.9.|
000060b0  89 af ca 81 6b 6e 73 ca  b9 6a 8e fb 18 15 12 c7  |....kns..j......|
000060c0  7b 74 93 49 9b 9a cd f3  2b 2a 64 f5 57 6f b0 68  |{t.I....+*d.Wo.h|
000060d0  78 23 43 ee 40 23 f9 f2  3d f3 bf fa 9c b7 bc 00  |x#C.@#..=.......|
000060e0  24 a7 1a 02 3d 32 bc c9  d9 d2 f5 b0 f7 3a f7 cd  |$...=2.......:..|
000060f0  77 7d 57 2a ce 5c 9f 88  db 48 27 f6 09 fc 53 cc  |w}W*.\...H'...S.|
00006100  61 4f 76 d9 4c 94 08 4e  3b 01 50 8c b1 ee 83 37  |aOv.L..N;.P....7|
00006110  7c 5e f6 7e f0 66 29 9e  3d db f2 ef 4f bb 5c 27  ||^.~.f).=...O.\'|
00006120  7f 08 01 8a 9b 7f ff 6d  0b 10 4d 2e 87 3c de f3  |.......m..M..<..|
00006130  c3 d7 e5 2e 02 24 00 39  b0 b7 de 83 55 03 b5 d4  |.....$.9....U...|
00006140  c7 aa 3d c0 77 bd f5 6a  69 fc f5 5d 56 4a 34 64  |..=.w..ji..]VJ4d|
00006150  8a de d8 05 4e 52 81 c2  c6 45 84 71 1c 42 b6 18  |....NR...E.q.B..|
00006160  16 80 95 9f bf 5e aa 9f  70 ce a8 96 80 64 02 30  |.....^..p....d.0|
00006170  56 37 40 15 50 63 f5 02  18 24 fc 95 7c e0 e1 78  |V7@.Pc...$..|..x|
00006180  e2 7b bf 90 7d 97 dd 68  e9 67 5a e0 c5 4a d7 ba  |.{..}..h.gZ..J..|
00006190  0f ce 54 d6 39 d2 7b ec  de 3a 2e a2 db 7b 8f 1d  |..T.9.{..:...{..|
000061a0  93 39 af 7e 09 30 f8 88  a5 7b 0d d7 80 c6 13 5c  |.9.~.0...{.....\|
000061b0  de 78 fa 20 8f 21 47 7d  ff d5 9f 90 23 b7 7d 5d  |.x. .!G}....#.}]|
000061c0  0a 61 c2 d6 87 79 26 f6  2b 41 58 70 73 25 02 6b  |.a...y&.+AXps%.k|
000061d0  d0 2d af 0e 31 0c 1a db  e1 39 f3 87 92 00 4f 3b  |.-..1....9....O;|
000061e0  36 f3 ff 8d 30 ff 5f f3  49 10 14 14 fe 19 4e e3  |6...0._.I.....N.|
000061f0  34 ed bf 40 22 f5 8d b2  00 31 07 16 74 86 c6 34  |4..@"....1..t..4|
00006200  de 5a 26 e2 67 1f ef 1e  25 f6 5e dd 01 ae 4b 60  |.Z&.g...%.^...K`|
00006210  ac f7 9a d1 03 1a 74 aa  f3 99 76 02 e0 92 46 ad  |......t...v...F.|
00006220  85 b0 ef 9a 5b e1 02 40  7c c5 b0 55 06 cd ec 22  |....[..@|..U..."|
00006230  82 cc 15 25 63 e5 6a f5  71 ab 38 a6 ba f6 b1 b0  |...%c.j.q.8.....|
00006240  e5 ef b3 0b 01 12 80 ec  da af d3 66 9b 78 00 9a  |...........f.x..|
00006250  76 ab c1 7e 5d c8 0d fe  88 9c fa e1 ed 56 46 74  |v..~]........VFt|
00006260  2c e1 6f 26 c5 64 c1 68  7e 63 57 27 74 dd ce 63  |,.o&.d.h~cW't..c|
00006270  19 6e 1d 12 90 0f 13 73  a7 a5 cb ad f9 df 5b 4d  |.n.....s......[M|
00006280  f3 b3 e6 2e c3 04 ae a5  9b 00 78 42 d5 ab 50 77  |..........xB..Pw|
00006290  ea 27 bf b5 ce 68 1a a7  a0 01 83 23 a6 87 b9 68  |.'...h.....#...h|
000062a0  0e 12 b6 c9 21 f6 e3 88  91 f0 36 44 c7 d0 08 eb  |....!.....6D....|
000062b0  ee a3 87 11 70 f7 56 b3  56 28 31 4a d6 e2 93 1f  |....p.V.V(1J....|
000062c0  ba 46 0e 14 77 e0 73 e0  a3 9f 95 83 d7 7d c6 b1  |.F..w.s......}..|
000062d0  1c 8c 52 ca d5 5b 67 62  9c a1 41 5f ae 6b 63 ac  |..R..[gb..A_.kc.|
000062e0  ba 01 66 99 51 cb 05 2c  2b 1b ef fc a6 63 b5 71  |..f.Q..,+....c.q|
000062f0  09 62 32 16 8e 8b 40 09  55 9e f4 9e 38 05 4c af  |.b2...@.U...8.L.|
00006300  93 a6 db ff 64 0d 6a 34  10 6d e8 65 da 3f 04 6b  |....d.j4.m.e.?.k|
00006310  a4 b9 59 36 fc fc 2b 32  f3 79 4f 43 f1 19 f8 ab  |..Y6..+2.yOC....|
00006320  27 10 bc 98 e9 8f e3 60  4b d1 e0 92 c0 e3 bd f7  |'......`K.......|
00006330  b4 13 00 f7 f3 7a f0 63  9f 93 7d 57 df 82 22 40  |.....z.c..}W.."@|
00006340  23 58 00 1c bf 4b 82 00  94 c1 e5 e1 d5 72 18 ef  |#X...K.......r..|
00006350  5a 4f 7f 9d 8e 39 60 dd  cb 04 a9 4e 7d 6e 7c e7  |ZO...9`....N}n|.|
00006360  44 11 20 01 98 28 62 3e  7c bd f9 91 b5 bc 28 b4  |D. ..(b>|.....(.|
00006370  ff 03 d7 7f 56 8e 7c ea  1b ce 43 d7 4c b1 c3 6b  |....V.|...C.L..k|
00006380  fe 83 04 bf 05 99 e1 0f  b4 08 33 df db a7 5a 1f  |..........3...Z.|
00006390  e6 a8 b2 86 31 9d 00 b4  d1 23 d0 74 3c cd 35 8e  |....1....#.t<.5.|
000063a0  34 b5 48 35 d2 04 d7 7e  f3 e3 f0 4d ce 18 36 f8  |4.H5...~...M..6.|
000063b0  2b 9d 04 c0 d6 a1 02 cd  2d 8d da 8e dc e8 6d af  |+.......-.....m.|
000063c0  7c 27 da d2 1e 75 8a ae  8c 90 a6 36 48 98 ba 3e  ||'...u.....6H..>|
000063d0  72 7d b0 9b a5 40 85 9e  fa 8b b5 e6 81 46 df eb  |r}...@.......F..|
000063e0  d2 c7 23 5c b5 d1 0c 2c  01 7d a7 ea 65 dd b7 6f  |..#\...,.}..e..o|
000063f0  43 fa db f3 0c 47 f5 c3  7a 41 57 1e ee 86 17 f6  |C....G..zAW.....|
00006400  48 8b b8 3c fa f2 77 98  f0 d7 7b 8f 24 bc 13 82  |H..<..w...{.$...|
00006410  d9 e6 aa e9 8c d8 2b d7  52 60 db 85 7d 52 fc ad  |......+.R`..}R..|
00006420  7b de 18 35 f9 13 a4 05  e3 68 06 c3 e6 bf fc 40  |{..5.....h.....@|
00006430  8a 51 e3 60 38 ab 83 09  0c e0 d0 b9 7d af e5 fe  |.Q.`8.......}...|
00006440  f7 a2 5e 84 a5 14 0e 77  1e 34 ca 1e 6d 78 cb 37  |..^....w.4..mx.7|
00006450  af 95 55 c8 d8 28 85 c9  d9 73 1f f8 f0 63 93 f2  |..U..(...s...c..|
00006460  94 7c 43 00 40 1c f7 7d  08 16 80 b1 5c 00 20 a6  |.|C.@..}....\. .|
00006470  67 fc f9 fb 56 4e 98 17  11 48 46 80 04 20 8b cf  |g...VN...HF.. ..|
00006480  83 23 fc 54 18 c0 f4 0f  41 d5 80 dc f6 3d ef f8  |.#.T....A....=..|
00006490  30 02 c8 9a 4c 10 d9 c3  7b b4 34 3f 15 9c 1a 64  |0...L...{.4?...d|
000064a0  07 ff b3 3e a8 55 18 e4  21 88 cd 24 1e de 1b 41  |...>.U..!..$...A|
000064b0  80 9f 06 12 6a d4 bc 05  a4 8d d1 89 cd 84 1a ee  |....j...........|
000064c0  db 7d ec b0 2c bf ee 72  6b 62 62 5a b0 2b ec 12  |.}..,..rkbbZ.+..|
000064d0  82 c7 d5 36 35 f8 2f 1d  2e 00 d5 32 ad a8 0f 82  |...65./....2....|
000064e0  0a 77 bc f6 7d 48 77 bc  c7 c9 51 1f 4f 63 14 2d  |.w..}Hw...Q.Oc.-|
000064f0  10 83 28 72 2b fe 83 b9  ab 20 0e 69 10 19 e6 a8  |..(r+.... .i....|
00006500  16 8d 28 dc 29 4a 02 b4  80 8d 11 8d 31 fc f2 88  |..(.)J......1...|
00006510  3b 34 9c 8a e6 cd 92 75  3f f9 82 94 ad 19 30 bb  |;4.....u?.....0.|
00006520  7a da 92 e7 1a e8 41 2d  f9 07 cf 7d b1 93 c2 35  |z.....A-...}...5|
00006530  5c 40 9d 0b 58 b2 f0 d7  79 6a 4c 84 96 b3 d5 68  |\@..X...yjL....h|
00006540  7e 15 fa 96 9e 89 7d 8a  9c 40 5f 05 ed 10 87 8c  |~.....}..@_.....|
00006550  0c 15 da a3 ed 57 32 11  a9 b9 e0 7c 59 ff e3 cf  |.....W2....|Y...|
00006560  3b 65 79 dd f3 e2 c5 6f  78 3e e3 36 d4 cb 7f f8  |;ey....ox>.6....|
00006570  59 af 03 0e 28 fe 63 25  6f 87 49 39 d3 3c 7b 9c  |Y...(.c%o.I9.<{.|
00006580  bd 05 6f 7f bd 2c f9 e8  65 d6 e1 2f 17 4d ce be  |..o..,..e../.M..|
00006590  21 00 63 5a 00 8c e6 5a  97 c6 f5 3f fb 92 05 3d  |!.cZ...Z...?...=|
000065a0  3a 9f 89 e4 9a 17 e3 78  00 ba 24 db 48 b0 91 dc  |:......x..$.H...|
000065b0  22 c7 b2 36 d4 7a 38 8e  a1 f8 12 7f 21 40 02 e0  |"..6.z8.....!@..|
000065c0  af fd 98 f0 6c 4c f8 e1  43 a9 cd 4e b6 bd e2 9d  |....lL..C..N....|
000065d0  d2 fc c7 bf 9b e6 3d a6  f0 d3 22 2d 9a 7e 07 01  |......=..."-.~..|
000065e0  a8 95 e3 ca 36 ac 92 f2  4d 6b 91 e3 8f f4 2e f5  |....6...Mk......|
000065f0  bb 23 c5 ab 7b d7 5e 94  5c dd 6e 95 c6 7a 0e 1d  |.#..{.^.\.n..z..|
00006600  43 9e 35 a2 e8 dd 3c f2  d1 34 55 6d 78 a2 f5 02  |C.5...<..4Umx...|
00006610  36 dd 01 f3 32 8a f7 78  42 c0 13 80 e9 b2 00 24  |6...2..xB......$|
00006620  84 98 db 9c 46 7d d4 87  6e fe 92 e5 f6 bb dc 68  |....F}..n......h|
00006630  58 3c 13 66 60 fc 56 53  04 0b 91 a3 ae 82 ba e2  |X<.f`.VS........|
00006640  ac 8d a8 8f be 14 eb 84  e0 82 36 de 77 f4 a4 a8  |..........6.w...|
00006650  45 a1 e3 11 54 4a 44 04  bc 6a d7 46 ac 46 b1 2a  |E...TJD..j.F.F.*|
00006660  58 50 1f d6 df 73 f2 84  2c bd e6 3d b2 08 d1 e6  |XP...s..,..=....|
00006670  5a 31 cf 3a 20 ba f5 12  34 ec 2e 0f 0f e1 2d ff  |Z1.: ...4.....-.|
00006680  f5 56 69 bd 1b 6d 68 dd  6b c4 82 3a 6e 0a 9e 6a  |.Vi..mh.k..:n..j|
00006690  d7 5a 99 b1 1c 0d 6d aa  ce 3b 53 4a d7 ad 40 0d  |.Z....m..;SJ..@.|
000066a0  7a 34 48 82 f5 a7 ef d8  29 cb 74 68 fb f7 23 88  |z4H.....).th..#.|
000066b0  d2 df e6 64 7d 80 b8 8d  65 b9 50 2c d4 ed b0 fa  |...d}...e.P,....|
000066c0  2b 37 22 3f fe 05 83 22  e2 93 dd 14 a7 7e 7c bb  |+7"?...".....~|.|
000066d0  3c fa b2 ff 81 b6 09 7f  b3 d5 9c 1f 02 6d 62 dd  |<............mb.|
000066e0  c7 65 cd 97 6e 96 79 6f  79 a5 09 0b 5b 6b 1a 9b  |.e..n.yoy...[k..|
000066f0  37 4d f8 03 92 81 37 64  0d 01 f0 04 37 2c 33 35  |7M....7d....7,35|
00006700  08 f8 34 8b 1c ea 20 8c  e5 d2 1b 0a 99 d7 bb 40  |..4... ........@|
00006710  09 a2 76 80 ac 7a e2 63  64 1e da 73 6b 3d 0c fb  |..v..z.cd..sk=..|
00006720  4c e4 d8 fe 66 e0 c8 f8  76 48 12 00 df 6e cd e8  |L...f...vH...n..|
00006730  13 4b 08 3f 3c bc 55 0b  3c 8c 08 72 f5 09 9a 09  |.K.?<.U.<..r....|
00006740  78 20 a6 eb b4 41 4c f8  99 9f b6 0d 26 da a5 32  |x ...AL.....&..2|
00006750  fb e2 17 ca cc 0b 9f 2d  65 10 26 c3 5d fa 21 6f  |.......-e.&.].!o|
00006760  fc f5 1f e5 d4 0f 7e 23  2d 20 17 f1 1e 68 ca 28  |......~#- ...h.(|
00006770  09 3c aa 10 74 2b c6 cd  7a c5 8b ac e0 4a 3e 88  |.<..t+..z....J>.|
00006780  83 27 00 4d 27 49 a3 05  40 85 97 76 45 eb 04 59  |.'.M'I..@..vE..Y|
00006790  d9 f9 fa f7 4b fb 03 5b  20 14 2b 9c f4 b9 51 ac  |....K..[ .+...Q.|
000067a0  1f fa 30 53 6d ba fa 29  e7 a1 46 fd 85 52 fb dc  |..0Sm..)..F..R..|
000067b0  a7 3a ed 68 87 b9 5a ff  f6 80 d4 ff ec 0e a9 ff  |.:.h..Z.........|
000067c0  f1 1d 30 ef 37 22 0a 1e  e6 fa 51 3a ba d9 03 33  |..0.7"....Q:...3|
000067d0  0c 73 3c 02 30 36 dd f9  7f 4e 3c 84 1b 7c 65 6b  |.s<.06...N<..|ek|
000067e0  c7 03 b9 e5 2f ff 94 ad  2f 7a b3 fd 7d a4 a2 2c  |..../.../z..}..,|
000067f0  ce 6b 61 a1 50 81 1b 8b  e2 21 fe 14 99 f3 c6 8b  |.ka.P....!......|
00006800  64 c6 f3 2e 18 f1 21 de  0b 22 70 e2 eb 3f 94 e3  |d.....!.."p..?..|
00006810  ff f7 53 58 04 ea 2d 03  64 a4 cb 3b 43 3a 98 a6  |..SX..-.d..;C:..|
00006820  92 9d f5 af 5f 1a c9 4b  c6 cd b3 04 1c 45 e7 bf  |...._..K.....E..|
00006830  3d ef b8 16 f9 ff 48 39  1b 2e e2 5c 6f a2 a9 a7  |=.....H9...\o...|
00006840  20 95 1b 7e fa 45 a9 79  d6 93 1c 97 c6 24 82 ed  | ..~.E.y.....$..|
00006850  fc fa d1 cc 1a 02 60 1f  36 fd 03 92 87 7d 31 f7  |......`.6....}1.|
00006860  d6 04 0a 7f 9d 86 3f ac  4a 91 de 46 99 f3 a2 0b  |......?.J..F....|
00006870  65 03 8a 3b 69 a1 27 eb  28 38 99 31 fd ba c9 01  |e..;i.'.(8.1....|
00006880  99 17 09 40 16 6f 74 7f  5c fd d5 78 1e 23 e7 7a  |...@.ot.\..x.#.z|
00006890  c7 eb de 87 d2 a0 f7 c0  2c ac 85 50 46 48 d1 52  |........,..PFH.R|
000068a0  81 a2 ad 51 a1 f5 6a 29  db c5 d7 bc 43 6a 9f f6  |...Q..j)....Cj..|
000068b0  78 43 40 4d c7 16 dc e3  8a 16 73 7b 5b c5 31 f8  |xC@M......s{[.1.|
000068c0  96 55 a0 c3 4c 7e f8 e3  5f b1 82 3a 6a 6d b0 ae  |.U..L~.._..:jm..|
000068d0  66 23 d4 5e d7 f7 6a 2e  76 04 d5 f6 36 ff e1 3b  |f#.^..j.v...6..;|
000068e0  52 85 ac 00 8b d0 4e 7a  50 e8 43 63 32 2e 80 04  |R.....NzP.Cc2...|
000068f0  01 d2 ee 74 30 d1 ef 43  ee fc e1 5b be 62 4d 59  |...t0..C...[.bMY|
00006900  46 0b fa 33 a1 0a 0c 62  d0 a6 e7 bd f9 15 b2 e8  |F..3...b........|
00006910  ea b7 a3 9d 6d b5 69 be  5a 62 35 61 1e 75 33 27  |....m.i.Zb5a.u3'|
00006920  cc 84 0a 8d 5e af 13 c8  33 3f 88 18 0b 8d 2f 30  |....^...3?..../0|
00006930  9f fd 48 82 50 5f ac eb  3f 79 12 04 e8 7a d3 86  |..H.P_..?y...z..|
00006940  75 8e 76 0f 5c 7a 8f 87  9f f6 4a 6b 6f eb 5d 43  |u.v.\z....Jko.]C|
00006950  1f a2 c9 c2 5f f7 61 ce  1b 5e 6a 3d ed d5 4d 63  |...._.a..^j=..Mc|
00006960  84 40 c7 49 d6 bc cc 3c  eb 94 01 56 0d af e9 ce  |.@.I...<...V....|
00006970  bb d1 b0 e7 66 e9 de 73  10 16 88 c1 65 96 87 1e  |....f..s....e...|
00006980  79 cb 1e c1 3e 2f be f6  dd b2 e0 1d af b3 c0 3d  |y...>/.........=|
00006990  af 62 9f c9 10 fc fb f0  ad 5f 95 fd 1f bc 55 0a  |.b......._....U.|
000069a0  91 a2 e8 65 54 0c 1a 47  f3 e9 81 5f 21 32 04 d6  |...eT..G..._!2..|
000069b0  7c fb 93 66 a1 f0 04 65  16 7f c4 86 9d 7a 56 11  ||..f...e.....zV.|
000069c0  00 6f 05 5a b6 3b 39 c0  37 95 4d d1 74 55 b8 c4  |.o.Z.;9.7.M.tU..|
000069d0  b4 f0 d7 ea af de 64 e7  50 dd 63 24 00 a9 80 e9  |......d.P.c$....|
000069e0  8f f7 90 00 f8 63 1f 26  3c 0b 2f f0 4f 85 93 16  |.....c.&<./.O...|
000069f0  04 d9 77 d5 2d 6e 60 d6  08 8d 46 5d 73 a0 7e 68  |..w.-n`...F]s.~h|
00006a00  cb d1 5f 7c f5 37 6e 95  52 94 69 d5 2a 71 56 d3  |.._|.7n.R.i.*qV.|
00006a10  5f 03 de f4 61 ef ce 24  b9 4c ac 69 bb 1a 10 88  |_...a..$.L.i....|
00006a20  07 c0 91 cf fe 1f 5a 90  7e c6 5c 04 f6 1e b7 bf  |......Z.~.\.....|
00006a30  fb a0 05 e8 bd 20 50 d4  bc 3e 0f e5 72 97 5e ff  |..... P..>..r.^.|
00006a40  5e 23 0c 89 94 b2 34 59  00 3c 0d 53 1b 19 ed fc  |^#....4Y.<.S....|
00006a50  ef cb 51 d7 ff 1f e8 2f  0f 1f fe 08 e9 60 9e f5  |..Q..../.....`..|
00006a60  43 09 d0 c2 f7 bd 59 96  dd 70 99 4d db fa b3 e7  |C.....Y..p.M....|
00006a70  39 18 24 b4 62 13 d4 f0  f9 ab 60 75 53 de 54 88  |9.$.b.....`uS.T.|
00006a80  37 a2 11 ce ae b7 7e d0  21 41 e6 0e 18 a6 00 8b  |7.....~.!A......|
00006a90  85 f7 e3 7f b1 7e 29 5e  b1 d8 fc af 45 f3 67 3b  |.....~)^....E.g;|
00006aa0  24 08 18 b6 3f f8 a8 3c  f2 9c d7 4b 3f 48 95 8e  |$...?..<...K?H..|
00006ab0  39 bc 94 71 2a d4 69 1c  c7 ac 8b 9f 2f 2b 3e e3  |9..q*.i...../+>.|
00006ac0  96 ae d5 87 ae ab 75 25  5c 19 9e 2f 56 f7 4f 63  |......u%\../V.Oc|
00006ad0  3a b0 a7 f9 c0 db ea e4  5f 72 85 f4 21 82 5f 8b  |:......._r..!._.|
00006ae0  40 0d 17 bf 30 e0 46 89  4b c9 d2 85 b0 02 fc c2  |@...0.F.K.......|
00006af0  69 f8 e4 92 0b 4b 53 84  f6 a8 29 67 87 3f fe 55  |i....KS...)g.?.U|
00006b00  29 a8 41 d9 e3 e1 da de  6a 00 60 4f 9f 05 fe 69  |).A.....j.`O...i|
00006b10  00 60 05 02 01 2d 35 2d  21 78 26 7c c4 7d fb 86  |.`...-5-!x&|.}..|
00006b20  ac 24 00 e9 40 13 c6 c5  48 73 bb cc 7d fd 4b 64  |.$..@...Hs..}.Kd|
00006b30  f5 d7 6e 26 01 48 07 a6  d3 3c 06 09 c0 34 6f 40  |..n&.H...<...4o@|
00006b40  2a b7 37 c1 a0 0f 7d 15  be 78 c8 ee 7e e7 b5 72  |*.7...}..x..~..r|
00006b50  0c cd 59 0a eb e0 bf 1f  ae 25 a8 2b d8 2d 33 00  |..Y......%.+.-3.|
00006b60  c2 63 e3 ed 5f 97 8a 33  50 a0 45 03 82 3c 13 ad  |.c.._..3P.E..<..|
00006b70  e7 2f 4c 9a 50 72 90 8f  d6 95 d7 6e 63 2a 44 0e  |./L.Pr.....nc*D.|
00006b80  5c f7 69 b3 06 a8 b0 1d  29 d6 c0 02 ca cc 67 5e  |\.i.....).....g^|
00006b90  24 67 20 ca 5c 85 8b 35  21 49 0a 32 9b ac 05 40  |$g .\..5!I.2...@|
00006ba0  7d d1 6a e2 36 02 74 f9  cd 8e d0 75 fe 9c 7e e9  |}.j.6.t....u..~.|
00006bb0  fa d4 44 0d b3 ff cc 17  3d 53 d6 7d ef 53 26 5c  |..D.....=S.}.S&\|
00006bc0  cd 5c 3f 4a 9a 5a 42 c8  6a 64 bd 5a 1b 80 9f 62  |.\?J.ZB.jd.Z...b|
00006bd0  ad 29 71 96 e2 a8 02 dc  08 47 f2 5d 6d f5 f6 da  |.)q......G.]m...|
00006be0  ee c6 23 72 d6 1f 7e 26  b5 c8 8c f0 ba b8 69 71  |..#r..~&......iq|
00006bf0  22 75 a9 98 20 75 53 aa  92 27 ec 04 77 6a 44 7d  |"u.. uS..'..wjD}|
00006c00  0f ba d7 6d 90 b5 df ff  ac 95 5d b6 00 2c dc 2f  |...m......]..,./|
00006c10  11 14 38 64 95 de fb 2c  86 03 16 0e 4d 4b 3c fe  |..8d...,....MK<.|
00006c20  8d 1f c9 be 2b 6f 19 e8  70 38 c2 81 33 57 0a 48  |....+o..p8..3W.H|
00006c30  c3 fa 1f 7e 46 aa 9e f4  58 e7 1e 56 39 2f 24 11  |...~F...X..V9/$.|
00006c40  f8 7d 0f c0 c2 72 14 d6  9f c2 1a cd ac 18 a6 ed  |.}...r..........|
00006c50  2d ac 1a 1a f7 51 71 d6  06 59 f5 95 1b 9c 4a 83  |-....Qq..Y....J.|
00006c60  6e c9 dc 54 ce b8 9f df  13 5c 02 00 ab 1d 02 83  |n..T.....\......|
00006c70  67 83 00 ac f9 3a ce 14  2d 00 7e 3e a6 e3 9a 1b  |g....:..-.~>....|
00006c80  09 c0 b8 60 f2 df 8b 3c  61 a2 9d e2 54 23 6d ff  |...`...<a...T#m.|
00006c90  f7 16 44 fb 96 0e db 12  d4 22 e2 b4 2b 18 a2 e4  |..D......"..+...|
00006ca0  57 dc f6 21 99 ff b6 d7  38 c2 0f 32 cb 0b 4c 1b  |W..!....8..2..L.|
00006cb0  4f ee b8 9a 78 d5 12 d0  87 96 b4 db 5f ff 3e 69  |O...x......._.>i|
00006cc0  f9 eb 3f a5 a0 aa 6a c4  3e e4 4a 36 7a 51 21 6f  |..?...j.>.J6zQ!o|
00006cd0  d3 ed ff 6b 5d 04 f5 f2  84 d7 64 5d 00 66 4e 57  |...k].....d].fNW|
00006ce0  02 84 ef 7b de 73 bd 1c  fd c2 37 41 80 66 8d 4e  |...{.s....7A.f.N|
00006cf0  80 20 a4 42 25 85 72 d6  7d 3f b7 28 7d bb 92 72  |. .B%.r.}?.(}..r|
00006d00  9a c7 4a c1 f3 04 b6 5a  10 1a 7f f3 27 73 a5 84  |..J....Z....'s..|
00006d10  cb d5 15 32 24 db 42 89  92 2b 3c 35 68 aa e6 19  |...2$.B..+<5h...|
00006d20  4f 70 22 b0 dd ec 8a 07  ce 79 a1 f4 ec 3b 3c aa  |Op"......y...;<.|
00006d30  f9 34 86 87 6b 01 8a e8  68 65 41 6d e6 a3 5a fd  |.4..k...heAm..Z.|
00006d40  58 a6 7c 17 60 e7 9b 7e  a9 ab 00 fb b5 f5 c5 6f  |X.|.`..~.......o|
00006d50  b6 f8 0d 0d 60 1c 8e 1c  19 71 b0 33 92 87 be f5  |....`....q.3....|
00006d60  17 ca 8a 4f 5e ed a4 83  86 35 df 1b 66 5f b4 f3  |...O^....5..f_..|
00006d70  3d 70 ed a7 e4 c8 67 80  71 0d da e8 0e d7 f7 de  |=p....g.q.......|
00006d80  25 57 e5 67 ac b3 80 42  8d 29 f1 2c 34 fe fb f4  |%W.g...B.).,4...|
00006d90  4c 6e 46 81 26 00 88 1d  9a 43 0b c0 e4 0e 90 8f  |LnF.&....C......|
00006da0  de 4d 02 e0 a3 cd 18 ef  54 cc 02 00 c1 a7 7e da  |.M......T.....~.|
00006db0  13 df fa 39 6a c7 7f dc  4c d2 1a 0c 37 d2 a5 c2  |...9j...L...7...|
00006dc0  a7 68 c1 5c 39 f3 de 9f  39 a9 5c 43 fc f1 63 dd  |.h.\9...9.\C..c.|
00006dd0  7b 68 c4 fd f1 ff fd b1  ec 7a fb 87 60 6a 1e a1  |{h.......z..`j..|
00006de0  0f ba 0e a8 42 01 9d d0  16 bc fb 0d f0 2f a3 2a  |....B......../.*|
00006df0  dc 90 d4 a1 49 59 00 fe  bf bd f3 80 b3 ab a8 f7  |....IY..........|
00006e00  f8 64 37 9b 84 f4 b2 90  1e 92 40 48 82 29 40 10  |.d7.......@H.)@.|
00006e10  51 1e 22 e8 43 9a 88 3e  2b 4d 41 10 11 a4 97 10  |Q.".C..>+MA.....|
00006e20  3a 26 80 34 0b d2 41 41  21 14 29 16 14 11 50 90  |:&.4..AA!.)...P.|
00006e30  a2 14 e9 2d 3d 24 21 bd  2e a9 9b 4d 78 bf ff 7f  |...-=$!....Mx...|
00006e40  ce 9c 3d f7 e6 9c db 76  b2 d9 89 bf fb 5e 3e 92  |..=....v.....^>.|
00006e50  ec dd b9 73 be 73 ee 99  df fc 6b 14 60 b6 7a da  |...s.s....k.`.z.|
00006e60  2c 33 e5 c4 f3 cd f2 67  5e 44 cd 79 34 ce 49 33  |,3.....g^D.y4.I3|
00006e70  ff cb 6e 28 7e 7f a4 1d  0e 9a 70 36 5a a3 1e 6b  |..n(~.....p6Z..k|
00006e80  53 fa 12 91 f9 c5 fc 98  8d 96 00 1b c4 57 ee cb  |S............W..|
00006e90  15 c4 11 bf ff db 28 a7  2b e2 41 f3 f6 53 5e da  |......(.+.A..S^.|
00006ea0  68 68 d5 5a 8d 9d 18 f5  d8 5d 5a 97 40 2d 0d aa  |hh.Z.....]Z.@-..|
00006eb0  57 8a 7f b6 9b ab b8 36  24 16 63 e1 03 7f 31 d3  |W......6$.c...1.|
00006ec0  ce 9a 00 f3 2d fa 0b e0  ef 59 d9 06 e2 ea 69 bf  |....-....Y....i.|
00006ed0  f3 50 b3 db 8b 0f db cd  5b dc 00 92 66 0a f1 f1  |.P......[...f...|
00006ee0  c1 95 37 99 59 c8 3b d7  46 42 a9 6e 0f 58 2c 10  |..7.Y.;.FB.n.X,.|
00006ef0  47 22 fd e6 87 fe ea aa  a8 10 94 44 89 57 5e 71  |G".........D.W^q|
00006f00  af 5c c6 cd f5 fe ff 66  01 20 a9 c1 22 00 68 01  |.\.....f. ..".h.|
00006f10  68 ae bb 6d f3 7e 0e 05  c0 e6 e5 bb 59 46 77 79  |h..m.~......YFwy|
00006f20  e4 e2 73 9d 7e ee 15 66  de ed f7 db 46 37 79 81  |..s.~..f....F7y.|
00006f30  76 ee c3 a5 ea db 46 9c  e2 a4 61 4f df 93 8f d6  |v.....F...aO....|
00006f40  80 af 64 54 7e 39 93 54  bf 2e c6 5b 8d c2 30 53  |..dT~9.T...[..0S|
00006f50  7e 78 81 a9 7b 11 4d 76  90 67 dc 4a 8b e7 e4 be  |~x..{.Mv.g.J....|
00006f60  a4 00 8e 9c 42 bb ec bd  bb 19 76 17 4a c8 f6 e8  |....B.....v.J...|
00006f70  1a bf a1 29 16 00 ad 2d  10 09 80 e5 4f bd 00 17  |...)...-....O...|
00006f80  c8 25 66 1d 72 ea ab 90  6e 97 5e b0 08 5b aa 6e  |.%f.r...n.^..[.n|
00006f90  44 c6 ec fe da 9f 4d 1b  14 bd 49 be 4a d9 54 e5  |D.....M...I.J.T.|
00006fa0  fd 39 ee 80 02 1d e7 6c  42 7d f4 09 62 cd 8f dc  |.9.....lB}..b...|
00006fb0  04 92 42 39 f7 e6 7b cc  cc 4b d0 9c 09 e6 7d f5  |..B9..{..K....}.|
00006fc0  b5 a7 6c e8 da eb 1e d7  d2 17 c2 69 e0 b8 93 d4  |..l........i....|
00006fd0  d4 9a 25 16 32 05 9f c6  05 48 fc 82 75 5d bc f1  |..%.2....H..u]..|
00006fe0  f9 23 10 7b 80 0c 09 ad  f3 90 fe 12 2b 83 6c f0  |.#.{........+.l.|
00006ff0  bb 3e 7b 3f c4 62 1f 65  a9 71 11 b8 d6 39 d7 dd  |.>{?.b.e.q...9..|
00007000  86 0e 85 3f 31 35 db 21  c8 34 43 00 c8 c6 d8 ba  |...?15.!.4C.....|
00007010  6b 67 33 1c ee 95 ce 7b  ee a6 99 18 e2 62 da da  |kg3....{.....b..|
00007020  5e 21 09 80 e4 ad 68 45  7f e1 82 5e 05 d7 4a 02  |^!....hE...^..J.|
00007030  77 d1 48 a9 d7 31 88 01  b8 95 41 80 5b c3 7d 4d  |w.H..1....A.[.}M|
00007040  01 10 e0 2a ba 07 d0 1a  b4 8d 9d 72 d2 85 66 d9  |...*.......r..f.|
00007050  5f 9f 45 61 98 ce e9 fd  c8 9d f9 1f 85 62 76 7f  |_.Ea.........bv.|
00007060  e5 8f 30 cd 0e b1 c1 65  91 3f be d4 cd cf 6d 80  |..0....e.?....m.|
00007070  d6 37 8c c7 08 36 a9 69  a8 b5 3f e7 fa 5f 21 85  |.7...6.i..?.._!.|
00007080  4c 62 0f d2 83 e1 c4 6f  2d 01 70 a3 d0 8c a4 6d  |Lb.....o-.p....m|
00007090  ef ed 72 8a 87 34 c5 02  20 26 f2 6a 08 81 05 f7  |..r..4.. &.j....|
000070a0  fe 11 02 00 fe 78 71 4f  64 e5 23 8b 3f 1d ef ef  |.....xqOd.#.?...|
000070b0  71 f0 be 08 5e ba 52 c5  92 3b fd 97 bb fc 9b 04  |q...^.R..;......|
000070c0  de 45 96 84 4d 38 0a 63  71 2f a8 3b 00 2f 35 a9  |.E..M8.cq/.;./5.|
000070d0  57 99 19 08 d6 9c 7b db  7d ba 31 57 49 b1 9e 94  |W.....{.}.1WI...|
000070e0  d7 46 f4 06 a8 e9 dd d3  0c ff cd 35 76 23 8d 82  |.F.........5v#..|
000070f0  07 cb 59 2b 1d 16 9f ad  9c 10 27 31 f9 c4 0b cc  |..Y+......'1....|
00007100  82 89 7f cc 4c 3b b4 c1  8e 0d 5a 57 60 a7 5b 26  |....L;....ZW`.[&|
00007110  98 1e 48 8b d4 93 7e 34  47 89 25 98 74 dc d9 05  |..H...~4G.%.t...|
00007120  ca ce e2 f3 d4 ca b2 ca  ec 8c a2 42 92 aa e8 ee  |...........B....|
00007130  d3 b2 e7 5d ee a2 34 f3  fb 43 12 00 f6 3e c0 9f  |...]..4..C...>..|
00007140  0a ac 56 9b 60 95 34 c0  25 cb 4c cf c3 bf 6c 86  |..V.`.4.%.L...l.|
00007150  df 75 ad 76 e9 94 98 94  ad 6d 7d 9b f9 76 da a2  |.u.v.....m}..v..|
00007160  1f 47 01 b0 45 f1 57 f6  e1 ee c1 bc f2 ed 49 10  |.G..E.W.......I.|
00007170  00 17 99 95 28 fe a2 a7  f0 cc e8 77 e4 79 f7 aa  |....(......w.y..|
00007180  35 bb a0 27 78 8d 04 ee  55 b0 f9 bb 99 da ec 83  |5..'x...U.......|
00007190  a8 f6 00 9a d7 4c 3b 73  bc a9 a9 95 e6 30 69 bd  |.....L;s.....0i.|
000071a0  e1 25 f0 0e 45 79 30 af  dd fe fd 30 da 05 0f f2  |.%..Ey0....0....|
000071b0  22 00 ac 05 40 1e 3e 35  66 d6 75 b7 c3 0a 72 a5  |"...@.>5f.u...r.|
000071c0  a9 41 6e 7e 66 fa a3 58  40 b0 31 0d be 6a ac e9  |.An~f..X@.1..j..|
000071d0  83 f8 07 5b 28 c8 9e 84  9a eb e1 e5 62 36 de 3d  |...[(.......b6.=|
000071e0  f2 74 c4 0f 3c a5 9f 9b  26 58 64 5e 62 1d d8 06  |.t..<...&Xd^b...|
000071f0  d1 f4 bb fe f3 01 2d 4a  a4 81 8d 15 14 5b 51 1b  |......-J.....[Q.|
00007200  40 14 e8 39 ef d6 89 08  de fc 85 ba 64 b2 32 0f  |@..9........d.2.|
00007210  94 29 c4 d1 c0 09 67 9a  de c7 7c 03 c2 03 a5 91  |.)....g...|.....|
00007220  0d 02 39 f1 e0 5f fa e4  73 e6 cd 03 be 63 d3 4c  |..9.._..s....c.L|
00007230  e1 2a d8 24 9f 5c ee 29  8d f9 58 60 86 fc fc 32  |.*.$.\.)..X`...2|
00007240  d3 f7 94 ef aa eb c2 c6  5e a6 0b 9d ca ee fe 2d  |........^......-|
00007250  ff 5b c1 08 80 a8 06 80  5b 2b 5b 1d d2 ae 49 39  |.[......[+[...I9|
00007260  f7 bd 2b 04 24 22 62 fd  a2 a5 a6 e7 77 be 86 52  |..+.$"b.....w..R|
00007270  df 57 db 74 54 49 13 de  ca d6 77 cb df 61 cd 37  |.W.tTI....w..a.7|
00007280  03 0a 80 e6 63 ed ed 93  f4 a1 0e e5 bd e2 85 57  |....c..........W|
00007290  b5 dd ed ea 49 d3 35 e2  3b b5 9c 6c 54 37 be cb  |....I.5.;..lT7..|
000072a0  67 f7 30 c3 ee fe 19 02  cb 10 c5 9d 88 c6 af 64  |g.0............d|
000072b0  52 72 aa 94 4d 64 e1 7d  7f 52 01 92 b9 91 ca 83  |Rr..Md.}.R......|
000072c0  06 0f 08 69 c7 2b e9 65  1d 47 0d f3 22 00 8c 44  |...i.+.e.G.."..D|
000072d0  c2 e3 74 2a 16 00 f1 4d  4b 94 bb 74 a8 6b 95 96  |..t*...MK..t.k..|
000072e0  9e 26 93 93 00 48 f8 bf  47 fc e1 36 0d 46 74 e9  |.&...H..G..6.Ft.|
000072f0  7d e5 3c 04 2b e1 94 fc  1d 4d a5 84 60 79 13 fe  |}.<.+....M..`y..|
00007300  ff 3a c4 2b c8 83 33 eb  f3 25 ed 4e a2 e9 77 7d  |.:.+..3..%.N..w}|
00007310  fe c1 a6 3d 64 45 ac 45  66 f8 25 8f 3d a3 2e 9b  |...=dE.Ef.%.=...|
00007320  fa c5 4b c1 2d bd 38 90  e6 ff 83 69 ff 33 8e 33  |..K.-.8....i.3.3|
00007330  03 c6 9e 18 15 8e 91 d3  63 95 59 f9 c6 fb e6 ed  |........c.Y.....|
00007340  43 bf a7 02 22 93 9b 70  46 2f 88 de a8 af 30 f8  |C..."..pF/....0.|
00007350  ca 73 6c 2f 86 ad b0 fb  5c 30 02 c0 e6 b8 68 a3  |.sl/....\0....h.|
00007360  ae c1 57 9d 67 b6 19 d0  b7 71 3d ca b8 a1 e3 e7  |..W.g....q=.....|
00007370  85 88 53 88 44 89 25 d2  c6 42 51 b6 4a 73 7e 8f  |..S.D.%..BQ.Js~.|
00007380  ca 98 36 df 5a 02 01 0a  80 12 20 b5 b4 b7 7c dc  |..6.Z..... ...|.|
00007390  20 79 f9 35 66 d9 df 5f  d0 da ff 6b e1 0a d0 5a  | y.5f.._...k...Z|
000073a0  fd 69 ee 3d c9 cf 86 6f  b7 f6 b0 fd cd 90 1b 7f  |.i.=...o........|
000073b0  8c fa ec 1d 9a 74 fa b5  a6 e2 a8 f7 00 72 e2 a7  |.....t.......r..|
000073c0  9e 7c b1 9a 05 e5 34 9e  ea 7f 6f 2d f1 07 6b 60  |.|....4...o-..k`|
000073d0  01 78 c4 74 18 39 d4 8b  00 50 0b 00 36 36 39 c9  |.x.t.9...P..669.|
000073e0  cf 40 7b 5a c9 51 d7 16  b5 69 d1 e9 72 ca c7 1c  |.@{Z.Q...i..r...|
000073f0  ea 97 2c 37 bb 3c 75 8f  e9 8a 14 37 17 00 d8 9c  |..,7.<u....7....|
00007400  0f 2e 27 da de fa f2 f1  66 c5 d3 ff b2 c1 71 29  |..'.....f.....q)|
00007410  27 27 67 8a 17 a1 b2 f3  7d d7 6b 8d 82 ac c0 bd  |''g.....}.k.....|
00007420  52 ee cb 8d a8 20 58 55  dd da 2c 83 e8 98 7c ec  |R.... XU..,...|.|
00007430  39 da a8 a8 aa 0d 62 25  52 5e 9a de d7 b6 1a c5  |9.....b%R^......|
00007440  80 10 7b 70 e1 8f b4 c7  84 11 17 3e 32 01 d6 ce  |..{p.......>2...|
00007450  98 6d 26 1d 7b 2e 2a 2d  be 69 5a 21 98 53 eb 3f  |.m&.{.*-.iZ!.S.?|
00007460  e4 bd 5c cc 87 d4 97 18  76 d7 35 08 28 1c c2 66  |..\.....v.5.(..f|
00007470  40 e2 16 81 68 ea 79 e4  61 66 87 6b c6 59 51 d4  |@...h.y.af.k.YQ.|
00007480  04 01 9e b4 5c 15 ed 06  a8 71 28 10 00 c8 fe 18  |....\....q(.....|
00007490  03 0b 5c db be bd 4a b9  65 4a 7b 4f b4 f9 97 f6  |..\...J.eJ{O....|
000074a0  66 be ab a5 12 a0 00 68  a9 2b 53 60 5e ce 9c bc  |f......h.+S`^...|
000074b0  14 85 5e 64 03 96 42 38  52 6f 3e 75 03 56 ff 77  |..^d..B8Ro>u.V.w|
000074c0  bd 96 ba 95 f4 2c ad 94  d7 04 f3 b7 33 2b 8b 05  |.....,......3+..|
000074d0  60 d1 c3 7f 85 05 e2 62  2d 14 a3 19 08 d1 b8 39  |`......b-......9|
000074e0  53 c7 03 70 e3 ea b5 48  bd 7b d8 ab 00 10 6b 87  |S..p...H.{....k.|
000074f0  98 34 a7 9d 73 05 aa d4  dd ac a5 6c 53 f3 d3 9d  |.4..s......lS...|
00007500  05 00 22 65 d4 df ad 00  d8 22 16 80 28 85 f2 ad  |.."e....."..(...|
00007510  c3 20 00 50 b0 28 ab 40  8e a6 37 e2 24 ee 04 80  |. .P.(.@..7.$...|
00007520  5b eb 4a c5 8a fb fd e5  cf be a4 a5 92 eb 91 96  |[.J.............|
00007530  a9 c1 92 19 02 40 4e 8b  7d 51 0d 70 e0 45 a7 44  |.....@N.}Q.p.E.D|
00007540  02 c0 ba 2a 24 6b 41 8a  4d cd bb ed 7e 0d f4 b3  |...*$kA.M...~...|
00007550  0d 81 52 5e b8 2f d6 2f  59 8c e6 42 b7 98 6d 21  |..R^././Y..B..m!|
00007560  3a 37 8a 05 22 f2 3f 57  7a 0d c5 be a2 f9 71 19  |:7..".?Wz.....q.|
00007570  c5 de ef 7e 9e 2c 76 55  ce dc c2 b1 00 44 ee 7f  |...~.,vU.....D..|
00007580  64 fd 8c 7a fc 37 f6 d4  ae cd ac ca 74 c9 b8 d8  |d..z.7......t...|
00007590  41 f7 bf 51 f9 ea a6 3c  47 4a 5d 23 be 6f f3 12  |A..Q...<GJ]#.o..|
000075a0  a0 00 d8 bc 7c 37 cb e8  ee a1 be ec e9 7f 5b 01  |....|7........[.|
000075b0  30 73 b6 e6 78 67 ba 00  f0 10 6e 8f 66 37 23 1f  |0s..xg....n.f7#.|
000075c0  bd 1d c1 82 36 12 bf 9c  07 5e ce 45 48 60 59 74  |....6....^.EH`Yt|
000075d0  2a 9d 7f fb 7d 48 05 bc  04 e9 77 1d 33 e3 0f d4  |*...}H....w.3...|
000075e0  05 b0 c2 af 0b c0 65 01  88 08 99 89 d3 ff cc 8b  |......e.........|
000075f0  ae d5 40 c4 d4 f4 34 b9  56 b5 00 ac 30 a3 ff f6  |..@...4.V...0...|
00007600  1b d3 6d df cf d8 d4 b6  26 9c c2 2a 59 54 67 01  |..m.....&..*YTg.|
00007610  b0 2e 80 48 00 64 58 00  b4 00 d0 27 47 23 06 e0  |...H.dX....'G#..|
00007620  7e 0d e2 d3 72 cc 15 fa  59 5d 59 5f 29 0d 3c 19  |~...r...Y]Y_).<.|
00007630  e9 92 f5 8b 96 69 50 60  da 4b 53 15 61 c9 e9 7f  |.....iP`.KS.a...|
00007640  3a d2 36 c7 9d ac 3c 3f  96 87 bd bd 61 cc fc 3b  |:.6...<?....a..;|
00007650  1f 34 ef 1d 7b 9a 69 d7  0b a6 64 a9 20 99 9f c1  |.4..{.i...d. ...|
00007660  20 02 50 4a 20 a3 23 60  ef 13 8e d0 0a 90 2e e6  | .PJ .#`........|
00007670  a4 d2 f9 17 63 1d 6f fe  d2 ca 39 aa c7 90 15 e7  |....c.o...9.....|
00007680  1e ef 63 12 7f 81 7b 42  6e 84 4a ee 83 60 04 00  |..c...{Bn.J..`..|
00007690  7a 51 c0 d4 04 ab 4e 8d  19 fd d4 44 d3 d1 09 80  |zQ....N....D....|
000076a0  72 ef 25 77 da 77 02 5f  d6 9d 16 80 62 b7 66 10  |r.%w.w._....b.f.|
000076b0  3f a7 00 08 62 99 72 27  19 0b 80 84 05 a0 50 0a  |?...b.r'......P.|
000076c0  9c 06 e2 61 23 d9 fd ed  c7 4d bb 7e bd e2 8a 7c  |...a#....M.~...||
000076d0  95 88 80 8f 13 81 5d 33  ce bf c6 cc bc fc e7 d8  |......]3........|
000076e0  7c 61 5a cc 08 0c d3 28  72 3c 70 c6 c0 02 d0 6e  ||aZ....(r<p....n|
000076f0  f0 00 2f 2e 80 64 0c c0  ac ab 6f 35 d3 51 f3 5e  |../..d....o5.Q.^|
00007700  6a e4 db 06 40 29 0b 2a  be 69 f4 25 90 f2 a5 3d  |j...@).*.i.%...=|
00007710  8f f8 b2 9e 68 2b 79 f0  37 e5 56 71 6e 9b 77 d0  |....h+y.7.Vqn.w.|
00007720  b1 71 e9 63 4f 17 ac 3e  d8 00 8b 4a fb 9d 10 04  |.q.cO..>...J....|
00007730  f8 ec 03 5a dc 49 5e 95  6c a0 7a 42 93 93 ba d4  |...Z.I^.l.zB....|
00007740  8b 40 dd 86 19 17 5e a7  b5 10 d4 5d 93 f2 d2 fb  |.@....^....]....|
00007750  0a 25 83 07 5d 76 06 fa  24 7c 2b 2e e5 eb 6a 4e  |.%..]v..$|+...jN|
00007760  d4 fd fb 35 f3 f6 ff 9d  a8 ed 93 55 13 a4 8d 21  |...5.......U...!|
00007770  ff 2e 56 1f a4 a8 8e 7e  f2 6e d3 79 8f d1 f0 1b  |..V....~.n.y....|
00007780  43 58 44 d9 04 95 dc 73  59 dc e3 7a 07 52 13 a3  |CXD....sY..z.R..|
00007790  cc 4d 4d 2c 13 2e 0b a3  dc 7b 21 1c 01 60 57 a9  |.MM,.....{!..`W.|
000077a0  15 dc 83 a3 9f bc a7 d1  02 50 26 ab a6 dc f7 fc  |.........P&.....|
000077b0  dd 96 4d 80 02 a0 65 af  4f f6 83 1a 26 f7 d8 02  |..M...e.O...&...|
000077c0  f0 c1 1c c4 00 c0 ac 9b  d6 53 5e 22 81 71 da d9  |.........S^".q..|
000077d0  80 fc dd 9d 1f bc c1 d4  7e e9 0b 3a 66 25 99 00  |........~..:f%..|
000077e0  ba a1 c8 67 48 34 f0 82  c5 9a 7f 2f 6e 80 78 f3  |...gH4...../n.x.|
000077f0  4d db 10 f0 70 6e 3b b0  3f 0a da fc da b4 ed 85  |M...pn;.?.......|
00007800  53 7a c2 fd 50 69 1a a0  58 00 a4 74 ad 04 01 4a  |Sz..Pi..X..t...J|
00007810  d7 bb 69 a8 04 a8 8f ba  c8 e7 99 3f 0d 39 c5 8a  |..i........?.9..|
00007820  1b a2 cf f1 df 46 2d 84  b3 ac b5 24 7a f9 dc 90  |.....F-....$z...|
00007830  0a dd 4a ce 02 30 f5 cc  09 7a 92 d6 4d 35 cb 02  |..J..0...z..M5..|
00007840  80 d3 b5 f8 6b 87 df fd  53 58 02 46 55 9e 06 88  |....k...SX.FU...|
00007850  09 89 fb 47 4e f5 d3 4e  1b 8f a2 51 f8 dc 02 62  |...GN..N...Q...b|
00007860  42 99 76 ee 60 76 ba 69  bc e9 71 c8 e7 63 ff bd  |B.v.`v.i..q..c..|
00007870  db f0 a4 13 e2 d4 d3 2e  c3 9a 3f 0e 57 52 87 ec  |..........?.WR..|
00007880  b4 53 71 03 a0 41 55 9f  13 8f 54 2b 80 74 67 2c  |.Sq..AU...T+.tg,|
00007890  f4 b9 95 7c 05 e3 cd 3f  aa 91 b0 18 95 19 e7 a0  |...|...?........|
000078a0  23 a6 2d 5e 94 51 2c 29  91 0e 27 b5 0a a4 71 91  |#.-^.Q,)..'...q.|
000078b0  4b 89 2d 47 40 50 00 54  b2 62 fc 9d 96 48 80 02  |K.-G@P.T.b...H..|
000078c0  a0 25 ae 4a 91 39 6d e2  02 28 24 00 a2 9d 51 52  |.%.J.9m..($...QR|
000078d0  76 ba 1f f4 39 ad e0 55  85 8c 81 4a f3 e0 5d fd  |v...9..U...J..].|
000078e0  ef 65 88 2a 9f 74 c2 38  94 89 5d 89 d3 1d 72 81  |.e.*.t.8..]...r.|
000078f0  d3 fc ff 12 7f 80 9c 76  69 63 3b 14 f5 e1 d5 77  |.......vic;....w|
00007900  9c d8 78 2b 15 00 52 ff  5f 1b f8 88 08 7a fc 59  |..x+..R._....z.Y|
00007910  d4 e5 47 21 a0 79 0b e1  db 96 40 c4 74 78 f2 cf  |..G!.y....@.tx..|
00007920  e2 fe 18 83 6c 84 1a cc  a3 92 42 48 39 be e6 b4  |....l.....BH9...|
00007930  eb cd 5a 37 6d 0c 64 4f  e2 73 6f ba 5b d3 f1 3e  |..Z7m.dO.so.[..>|
00007940  06 17 29 0c 94 f6 92 13  b3 04 75 4a 34 7e ff b3  |..).......uJ4~..|
00007950  bf 6f 03 1e b3 9a 06 65  7c a6 13 5a 6a 16 07 94  |.o.....e|..Zj...|
00007960  d7 f6 fe a6 59 f9 da 3b  a6 0a ed 7e b3 ca 01 8b  |....Y..;...~....|
00007970  00 a8 a9 ed 6a 46 3f 76  a7 ba 8c b4 e4 2f c4 93  |....jF?v...../..|
00007980  5e b7 cd e7 83 88 78 d8  bc ff dd 53 51 0f a0 0f  |^.....x....SQ...|
00007990  ac 4a 29 6e 00 11 97 22  c6 44 04 2c 43 dc c5 a3  |.J)n...".D.,C...|
000079a0  77 9a ee 28 85 ec 8a 57  d9 db b1 78 35 c3 82 62  |w..(...W...x5..b|
000079b0  2a 72 df b8 a6 44 6b 67  cf d7 56 c5 8b 1f 7d 02  |*r...Dkg..V...}.|
000079c0  d9 30 68 e9 9c 91 0e ab  17 8e 9f 75 44 86 c5 28  |.0h........uD..(|
000079d0  5c a3 b8 ae 2a 12 c2 51  8f 83 d5 93 67 68 16 ce  |\...*..Q....gh..|
000079e0  8a 67 5f 36 d5 9d 32 04  51 4b 08 02 a4 05 20 c0  |.g_6..2.QK.... .|
000079f0  a7 7c f3 4c 99 02 a0 79  38 7b fd 94 b2 05 80 3c  |.|.L...y8{.....<|
00007a00  94 a3 53 f0 98 57 fe 84  87 fb e0 9c f9 94 f2 40  |..S..W.........@|
00007a10  d6 0d 45 37 57 5b d8 66  e6 05 d7 9a 0f ae f8 25  |..E7W[.f.......%|
00007a20  cc ff 51 fd fd 94 2b d4  0a 84 c8 bf 1f 70 de 0f  |..Q...+......p..|
00007a30  4d ff b1 3f 88 6b d9 bb  4d a0 52 01 20 16 00 d9  |M..?.k..M.R. ...|
00007a40  50 45 00 ac 44 2f 84 a9  78 08 d7 fd eb f5 c2 bd  |PE..D/..x.......|
00007a50  10 34 16 01 56 90 df dd  88 d3 ed 7e 39 9b 50 29  |.4..V......~9.P)|
00007a60  d7 9f bc bc 72 4d c6 4a  0d 39 f5 d2 71 70 39 fc  |....rM.J.9..qp9.|
00007a70  ff 52 0b 60 03 e2 22 e2  46 4c 79 ec 84 ef 46 14  |.R.`..".FLy...F.|
00007a80  6e ea 04 f3 b9 d4 02 d0  1e 0c 91 58 28 67 ae ae  |n..........X(g..|
00007a90  6a e3 92 47 91 ad 81 86  51 f5 38 95 67 f9 ff 65  |j..G....Q.8.g..e|
00007aa0  0a 52 09 b0 fd 90 81 66  0c 0a 46 89 8f 57 d6 cf  |.R.....f..F..W..|
00007ab0  f5 8a 70 59 17 2b df 99  82 6c 80 b3 cd ea 77 a7  |..pY.+...l....w.|
00007ac0  da d6 c3 69 42 48 fe 0d  f3 15 f1 d7 b6 7f 5f 33  |...iBH........_3|
00007ad0  fa 71 f4 10 80 45 c3 b9  12 2a e1 e7 10 25 45 98  |.q...E...*...%E.|
00007ae0  1b 6f 06 9a 53 cd bc 0c  27 fa 1e c8 04 89 5a 64  |.o..S...'.....Zd|
00007af0  a7 7e e1 a4 ad 35 5c 41  c3 d1 ae b8 f6 eb 07 eb  |.~...5\A........|
00007b00  3d e0 3a 54 96 f3 05 a5  05 a0 1c 5a 7c 6f 4b 26  |=.:T.......Z|oK&|
00007b10  40 01 d0 92 57 27 eb 74  17 45 94 97 e4 02 d0 dd  |@...W'.t.E......|
00007b20  47 2b 7f a8 d9 bc eb de  7b 98 4f fc fe 66 dd 3c  |G+......{.O..f.<|
00007b30  9d 15 a0 d8 03 d9 fd dc  55 df 5b fa c4 73 e6 bd  |........U.[..s..|
00007b40  23 4e 43 94 b8 b4 d1 85  c9 35 2d 20 48 fe 0d 1b  |#NC......5- H...|
00007b50  b5 44 9d 8f 7e 72 a2 e9  b6 df a7 f5 6a 92 27 ae  |.D..~r......j.'.|
00007b60  4a 05 80 5a 00 24 9a 39  ba b6 49 68 86 34 ff f6  |J..Z.$.9..Ih.4..|
00007b70  7b 91 0a 58 9b 99 0a a8  da 45 dc 11 c8 85 96 8c  |{..X.....E......|
00007b80  04 e9 52 58 ea f5 bb 79  c7 9b 10 c4 c7 47 af bc  |..RX...y.....G..|
00007b90  69 d6 4c fd 00 56 0d b4  c7 95 cd dd aa 1a fb 16  |i.L..V..........|
00007ba0  d9 3c f5 af 68 a5 0b d1  d1 7e c4 50 d3 61 c4 10  |.<..h....~.P.a..|
00007bb0  cb 0a a7 fb 97 47 1e 60  d6 7e 38 bf e0 66 2c 96  |.....G.`.~8..f,.|
00007bc0  96 6a f8 ff 07 5e 7a ba  fa e3 a5 ea 5a 35 4c f9  |.j...^z.....Z5L.|
00007bd0  c5 d6 2a 39 57 e7 26 79  eb 2b 27 a0 5a e4 33 b1  |..*9W.&y.+'.Z.3.|
00007be0  eb 23 4d 44 b8 7c 7d 69  3d bc d3 8d e3 63 d1 e1  |.#MD.|}i=....c..|
00007bf0  de 1b f3 c6 07 cc 41 f1  a5 29 67 5f 9a 1d 0c e8  |......A..)g_....|
00007c00  d6 19 f7 d8 06 58 88 7a  a0 fb e2 d0 9b 27 e8 89  |.....X.z.....'..|
00007c10  5b d8 54 1a 83 91 b3 f9  47 a9 a8 52 09 52 9a 61  |[.T.....G..R.R.a|
00007c20  89 75 42 cd f8 99 c1 69  f2 1d a8 82 3b a2 a3 f6  |.uB....i....;...|
00007c30  c3 68 d3 13 59 23 09 f1  52 96 b0 a2 05 20 c0 a7  |.h..Y#..R.... ..|
00007c40  26 a7 9c 46 80 02 20 c0  fb a2 22 0b 40 f4 e0 95  |&..F.. ...".@...|
00007c50  53 de 40 34 e6 e9 7f d6  f1 71 da 5e 56 5a 5c d2  |S.@4.....q.^VZ\.|
00007c60  5f ef 3a 01 ae 99 32 c3  4c 3e e1 7c 9c b8 5f c5  |_.:...2.L>.|.._.|
00007c70  06 85 9a 02 f2 30 4c 31  e9 c6 1b 2e 8a 86 8c fc  |.....0L1........|
00007c80  f3 af 4c bb 01 7d 36 31  03 37 45 00 a8 ef 36 aa  |..L..}61.7E...6.|
00007c90  48 f8 e1 0d bf 45 20 20  4a fc 4a 81 9b ac 0d 20  |H....E  J.J.... |
00007ca0  32 61 6f 40 9b dc fe e7  1c 8f 3c f7 53 e2 0d bb  |2ao@......<.S...|
00007cb0  58 5a 60 ec 6f 8e b2 1f  96 fe ed 59 f3 1e 4e f1  |XZ`.o......Y..N.|
00007cc0  71 9d 7b e7 76 48 d4 ff  57 3d 00 33 b8 08 a0 61  |q.{.vH..W=.3...a|
00007cd0  28 9b 2a 1d fd dc 89 75  d2 71 63 cd c2 87 1e 8b  |(.*....u.qc.....|
00007ce0  45 43 3e 3f fb 79 48 bd  5b b5 ca 74 1a 3d dc 7c  |EC>?.yH.[..t.=.||
00007cf0  e2 91 5b 4c 1b 94 51 2e  65 f3 6c 14 6b e8 1e 08  |..[L..Q.e.l.k...|
00007d00  1e 73 ae bf cb 48 be b8  c4 40 64 56 00 d4 60 41  |.s...H...@dV..`A|
00007d10  08 2a b8 86 86 de 72 b9  c6 89 a8 a8 89 ac 0e 8d  |.*....r.........|
00007d20  ee 04 b8 26 c4 ea f2 c6  bb 28 0b 3c d6 ac 7e 7f  |...&.....(.<..~.|
00007d30  7a 41 2b 80 d4 05 50 e1  89 ac 86 9e 47 a3 cb e0  |zA+...P.....G...|
00007d40  b5 e7 ab 08 49 ba 9f 4a  11 34 49 e1 a8 eb 1e 6d  |....I..J.4I....m|
00007d50  fe b2 0e 93 8e 1f 8b 22  4f 68 84 25 b5 21 34 c5  |......."Oh.%.!4.|
00007d60  2d c5 bd 20 bf 23 16 09  74 c3 1c 8c ee 8a d2 0d  |-.. .#..t.......|
00007d70  53 de 56 89 1b 48 e7 42  01 10 e0 53 93 53 a6 00  |S.V..H.B...S.S..|
00007d80  d8 4a ee 81 4a 04 40 7c  7a 8d 4c f9 03 c7 9f 61  |.J..J.@|z.L....a|
00007d90  fa 9e 74 b4 ad eb ef 7c  aa 79 e6 5c 77 aa d5 07  |..t....|.y.\w...|
00007da0  2b 4e 57 6b d1 70 67 0a  0a 0f 2d 7d fc 9f 7a 3a  |+NWk.pg...-}..z:|
00007db0  d5 5c fc 34 a6 32 8e 98  dc f1 60 de 7e 1c cc ff  |.\.4.2....`.~...|
00007dc0  70 01 48 27 40 67 6e 75  9f d7 14 01 a0 07 7a 29  |p.H'@gnu......z)|
00007dd0  5d 8b f8 83 95 6f bd af  55 ee 3e 7a 45 5a 22 47  |]....o..U.>zEZ"G|
00007de0  25 91 b3 44 89 5c 2f 84  83 f4 ac ef f9 ad 2f 45  |%..D.\/......./E|
00007df0  07 f6 a8 bf 41 de b5 24  d3 c6 e2 87 fe fb d3 cc  |....A..$........|
00007e00  a4 ef 9f 67 3e 7a 09 4d  90 50 36 37 ab f8 90 2d  |...g>z.M.P67...-|
00007e10  36 b4 51 0b 14 89 bf 59  4c eb ae 23 a0 34 30 7a  |6.Q....YL..#.40z|
00007e20  f7 a8 d3 ed a6 1c 95 25  4e 17 51 a8 bc b6 6a 8d  |.......%N.Q...j.|
00007e30  ad 09 f0 bb 5f aa 0b 41  a3 ba 23 bf 7c ea 17 5a  |...._..A..#.|..Z|
00007e40  3e 37 6a 94 b4 0c 59 22  d2 2b 42 0a 45 55 cb c6  |>7j...Y".+B.EU..|
00007e50  2b eb 95 c7 25 19 4c 27  4d 92 f6 78 ef 09 6b c1  |+...%.L'M..x..k.|
00007e60  90 54 b9 e8 8f fb 1c b5  02 48 10 28 fc da f3 10  |.T.......H.(....|
00007e70  cb 30 e9 a4 71 88 05 40  56 89 a4 2a aa e2 c9 bb  |.0..q..@V..*....|
00007e80  1b 22 31 66 6b 47 ac 37  b5 5f 3d c0 0c b9 01 c5  |."1fkG.7._=.....|
00007e90  a8 10 87 10 6f fc ce 5a  22 ef 89 ac 26 d1 a2 e4  |....o..Z"...&...|
00007ea0  84 73 38 91 66 3f a6 95  f6 80 98 71 ee 4f cc 7a  |.s8.f?.....q.O.z|
00007eb0  e9 aa 28 95 21 0b 6d fe  72 1d f8 3d 69 74 34 fa  |..(.!.m.r..=it4.|
00007ec0  e9 7b d1 0a ba 67 c5 a7  7f 0a 80 ad e4 21 ca cb  |.{...g.......!..|
00007ed0  50 02 b4 00 04 78 23 54  2a 00 e2 8d 3e 2a cf da  |P....x#T*...>*..|
00007ee0  eb b8 6f 9a c1 e3 11 15  2f a7 27 dd 5a 72 5f c9  |..o...../.'.Zr_.|
00007ef0  83 6d dd 8b af 19 89 60  5f f9 fa 7b 9a 71 a0 be  |.m.....`_..{.q..|
00007f00  df 8c d3 b6 1e b6 91 79  b0 1e 7e ec dd 9e 7f c8  |.......y..~.....|
00007f10  74 42 8f 78 67 62 76 9f  20 0f f1 a6 08 00 7b 2a  |tB.xgbv. .....{*|
00007f20  b5 a7 41 71 67 4c 39 f5  52 9c 76 ef 30 6d b7 c3  |..AqgL9.R.v.0m..|
00007f30  c3 5d 4a 25 67 9c 04 75  63 96 eb c7 af ef f0 d3  |.]J%g..uc.......|
00007f40  0b 51 f3 fe 6b 76 bf 49  5c 7f fe a9 d4 fd 7d cd  |.Q..kv.I\.....}.|
00007f50  b4 0f 90 4b 7f a1 59 f1  1c 82 be 64 f3 4f f3 7f  |...K..Y....d.O..|
00007f60  47 17 28 73 aa 47 f1 a1  81 97 9c 6a 06 9c f3 03  |G.(s.G.....j....|
00007f70  db 11 d0 31 83 98 fa cf  98 43 d4 85 20 ef 4b dd  |...1.....C.. .K.|
00007f80  fc 13 a2 4c d2 ee ba 7e  e1 7f 60 46 1f 1f 6f 5e  |...L...~..`F..o^|
00007f90  59 26 6b 27 54 e4 74 3c  f5 f4 cb 50 23 42 32 44  |Y&k'T.t<...P#B2D|
00007fa0  da 65 06 fe e9 c6 aa f7  43 15 82 0e 8f 35 db 5f  |.e......C....5._|
00007fb0  f0 a3 58 a8 24 3f 43 79  cb 7b a5 5c 30 4e d3 eb  |..X.$?Cy.{.\0N..|
00007fc0  50 13 7e 1a 98 2f bc ff  51 d3 a6 b6 9b ba 97 8a  |P.~../..Q.......|
00007fd0  5d 87 7c 4e 87 91 c3 cc  60 64 62 88 2b 2a 8d 7b  |].|N....`db.+*.{|
00007fe0  f2 0e cc fd 7c ab 2f 1a  70 8a 9f 75 c5 cd e6 c3  |....|./.p..u....|
00007ff0  1b 7f 6b 2d 14 62 64 d0  81 ec fc f2 5f fa cf 10  |..k-.bd....._...|
00008000  59 eb 51 02 79 e7 07 ae  37 db 7d ed e0 8a 22 ff  |Y.Q.y...7.}...".|
00008010  93 e3 d2 02 10 e0 43 93  53 4e 25 40 01 10 e0 8d  |......C.SN%@....|
00008020  51 a9 00 b0 cf 49 7b 0a  94 3c 68 79 72 4a be 79  |Q....I{..<hyrJ.y|
00008030  df 13 8f 32 dd bf b4 1f  a2 e3 6d ba 96 2a c3 e8  |...2......m..*..|
00008040  61 2f 6d 7f e7 a1 e0 cf  c2 df fd c5 7c 8b 9c e5  |a/m.........|...|
00008050  fd 00 00 1a d2 49 44 41  54 2c f9 df d1 a9 30 cb  |.....IDAT,....0.|
00008060  74 ab ff 8e 4d ad 61 d9  0a 54 94 3b 5a 73 ca ab  |t...M.a..T.;Zs..|
00008070  a4 a1 4d f4 80 4e 9a db  9b 22 00 dc e6 a1 0d 6c  |..M..N...".....l|
00008080  a2 94 48 b1 4e ac c5 a6  5a 2d 27 cc 8c 13 61 e3  |..H.N...Z-'...a.|
00008090  f5 4b 25 bb 56 66 db af  ec 6f 06 9c 7f b2 d9 66  |.K%.Vf...o.....f|
000080a0  70 ff f8 da dc 2d 61 63  1e 71 0a c7 75 2f c2 f5  |p....-ac.q..u/..|
000080b0  cf be fa 16 9c a6 e7 ea  66 9e b9 e9 b8 8d 52 36  |........f.....R6|
000080c0  23 fc f7 2e cf dc 67 3a  22 06 40 4f cf e2 a3 8e  |#.....g:".@O....|
000080d0  fe 57 bb 18 22 72 dd d6  2e b0 1b 57 d6 e9 5c 83  |.W.."r.....W..\.|
000080e0  02 61 46 97 1a ec 03 ce  39 c1 d4 7e ed 40 ad e8  |.aF.....9..~.@..|
000080f0  e8 d6 42 7e 57 ad 0b f8  bf 75 f3 17 99 b9 30 fb  |..B~W....u....0.|
00008100  cf ff ed 43 66 43 1d ea  f6 d7 d8 9e 03 85 d6 4b  |...CfC.........K|
00008110  44 94 f8 c6 f7 78 ef 49  b8 01 90 25 90 77 f2 cf  |D....x.I...%.w..|
00008120  d9 fc 04 89 63 fe 8f 17  cc e4 e3 c7 a1 bc f0 62  |....c..........b|
00008130  75 bf 14 63 1e fb dc 31  d7 ed be 7d 28 1a 06 1d  |u..c...1...}(...|
00008140  63 da 0f 1d 64 63 02 a2  53 fa 26 1b b8 5e dc 46  |c...dc..S.&..^.F|
00008150  b8 43 d6 98 25 70 9b 88  bb 67 15 ac 30 55 a8 58  |.C..%p...g..0U.X|
00008160  18 95 28 2a 78 6d 22 12  a4 52 65 2d 02 3f 87 20  |..(*xm"..Re-.?. |
00008170  0e 41 0b 13 25 da 66 97  e3 fb 8f ef 0b ba 00 02  |.A..%.f.........|
00008180  7c 6a 72 ca 69 04 28 00  02 bc 2f 9a 22 00 92 22  ||jr.i.(.../.".."|
00008190  40 fd a9 62 d2 85 a9 5a  36 94 4e bb 8f d6 d6 bd  |@..b...Z6.N.....|
000081a0  fa cc c5 89 6e e5 1b ef  58 3f 6f e4 cb 8d 85 41  |....n...X?o....A|
000081b0  24 22 36 79 58 bb 53 ab  c8 08 98 ab 77 41 e9 dd  |$"6yX.S.....wA..|
000081c0  8e 38 f1 69 35 ba 44 7e  b6 2f 17 80 bb 96 8d f5  |.8.i5.D~./......|
000081d0  08 90 43 0a e0 b4 b3 d1  9e 18 b9 e0 d5 48 f7 d3  |..C..........H..|
000081e0  36 bc c5 e6 29 ef 89 9a  e5 f4 c4 86 d4 65 9f 4f  |6...)........e.O|
000081f0  81 c1 48 b8 37 20 20 50  17 7f cd b4 59 a6 ee f9  |..H.7  P....Y...|
00008200  57 cc 12 f4 3c f8 48 3a  2e 46 0d 97 8a 6d a8 52  |W...<.H:.F...m.R|
00008210  68 a7 7e f1 12 94 d3 45  ac 05 b2 1f 34 36 21 b1  |h.~....E....46!.|
00008220  c1 bb ea 7c af 7d ee 5b  66 e5 ab ef 64 66 03 e4  |...|.}.[f...df..|
00008230  af 95 a8 0e 29 b0 d3 16  f1 14 3d 0e d8 07 9b e7  |....).....=.....|
00008240  60 d3 76 50 7f fd b7 fa  39 f3 50 a7 ff 2d b3 0c  |`.vP....9.P..-..|
00008250  01 9a 0d cb 57 68 ee bf  db dc 0a 71 d0 89 81 c3  |....Wh.....q....|
00008260  40 e4 eb f7 3b f9 3b d6  4d e0 52 ff 32 dc 05 7a  |@...;.;.M.R.2..z|
00008270  df c8 9a 42 78 7d 78 cb  44 64 18 5c aa cc 64 43  |...Bx}x.Dd.\..dC|
00008280  2e 85 b9 fb 4c f9 ac ee  07 ee 63 ba ed b3 a7 e9  |....L.....c.....|
00008290  bc d7 18 5c 57 6f b8 8a  e0 aa 90 37 60 fc f5 e8  |...\Wo.....7`...|
000082a0  df b0 f2 ad 49 66 c5 3f  5f d2 35 58 37 63 8e 76  |....If.?_.5X7c.v|
000082b0  1c 14 7b 8d 5e 9b 73 1f  a4 9e fc ed 7b 24 96 a1  |..{.^.s.....{$..|
000082c0  ba 53 47 33 fa ef f7 9a  f6 3b 6e bf c9 bd 58 c9  |.SG3.....;n...X.|
000082d0  d7 9f 16 80 4a a8 f1 77  5a 22 01 0a 80 96 b8 2a  |....J..wZ".....*|
000082e0  45 e6 d4 54 01 e0 36 96  e4 a6 a4 ff a6 a6 71 67  |E..T..6.......qg|
000082f0  03 c0 3f 60 d3 2e f9 84  e4 4c b0 38 71 ad 5f b4  |..?`.....L.8q._.|
00008300  c4 ec 04 73 b5 94 83 8d  c7 4b 9c f0 7c 0a 00 9d  |...s.....K..|...|
00008310  77 94 af 2e 01 77 93 8e  39 c7 48 96 82 d4 1c 28  |w....w..9.H....(|
00008320  26 02 72 36 65 69 67 2c  82 01 f3 d7 d3 2c c6 dc  |&.r6eig,.....,..|
00008330  80 53 b7 b8 32 92 75 fb  0b 05 ad e9 cf a2 f4 37  |.S..2.u........7|
00008340  49 7b 1b 81 e0 3d a9 bf  ee 36 fc 24 77 f9 ef 55  |I{...=...6.$w..U|
00008350  d8 dc de dc ff 28 fd 1c  b1 9a e8 e7 a7 b9 2e 74  |.....(.........t|
00008360  8f 6e fc 99 9e a4 a5 ad  ab 8a 37 b1 71 47 d6 03  |.n........7.qG..|
00008370  98 f1 5d c5 bd a4 78 48  bb 9d e2 c0 3e f8 e6 45  |..]...xH....>..E|
00008380  f8 ed f2 8f 89 9b c4 68  14 ba 0d 55 04 e0 8f 08  |.......h...U....|
00008390  bb e9 e7 5f 05 b3 fc 4d  b6 20 94 4e 29 fb 3a f2  |..._...M. .N).:.|
000083a0  e7 25 f7 9c 96 70 c6 ef  d4 f4 e8 6a 5a d7 76 57  |.%...p.....jZ.vW|
000083b0  01 b0 11 0d 74 1a 60 b6  97 a0 55 89 93 48 de 8b  |....t.`...U..H..|
000083c0  25 8d 1f 55 7b 94 d3 ff  c8 df df 6a ba 7f f1 b3  |%..U{......j....|
000083d0  8d 7e ff 0c 6b 43 a9 8f  02 0a 80 52 49 f1 7d 2d  |.~..kC.....RI.}-|
000083e0  9d 00 05 40 4b 5f a1 94  f9 95 2d 00 92 fe d1 3c  |...@K_....-....<|
000083f0  5f a9 db 08 32 37 1e 7c  7e b1 b2 2d f1 03 59 8a  |_...27.|~..-..Y.|
00008400  9e 20 bf 5d 82 bd 76 fc  d9 05 a6 06 0d 7a 5c e4  |. .]..v......z\.|
00008410  7a d2 47 eb 53 00 c4 26  fd a8 ef fd d2 47 9f d2  |z.G.S..&.....G..|
00008420  58 85 75 92 66 87 b2 b6  7a 4a 2c 71 63 4d f3 21  |X.u.f...zJ,qcM.!|
00008430  db 1d ad c4 4d 4d 36 1d  f0 6a a8 ab 33 23 1e bc  |....MM6..j..3#..|
00008440  d9 d4 1e fa 85 cc 02 38  2e 20 72 ce 2f ee d4 8e  |.......8. r./...|
00008450  86 f2 12 df 7a 49 9b 9b  13 09 69 41 77 79 62 21  |....zI....iAwyb!|
00008460  6b f3 97 f5 96 b4 4e 71  fb ec fa dc 83 6a 55 70  |k.....Nq.....jUp|
00008470  af 62 a2 cf cd 51 05 23  5e 22 60 a6 9d 31 01 8d  |.b...Q.#^"`..1..|
00008480  82 ee 35 d5 10 5e 55 d2  fc 07 e2 24 27 a8 2f ed  |..5..^U....$'./.|
00008490  3e 76 f7 96 bb 0e b7 56  56 99 e5 a4 55 16 13 34  |>v.....VV...U..4|
000084a0  fa 73 fb 26 eb 52 c0 dc  a4 0b df 90 1b 2e 35 bd  |.s.&.R........5.|
000084b0  8f fb 56 ee b5 e5 7d 07  ca 7d 04 50 00 94 4b 8c  |..V...}..}.P..K.|
000084c0  ef 6f a9 04 28 00 5a ea  ca 14 98 57 b9 02 20 3f  |.o..(.Z....W.. ?|
000084d0  c0 af d8 26 53 0e 92 78  2c d9 50 10 d5 de fe 13  |...&S..x,.P.....|
000084e0  43 cc ce 28 b3 da 7e c8  a0 f8 e4 9b ff 79 3e 05  |C..(..~......y>.|
000084f0  40 bc 31 c8 46 24 b9 f3  a8 11 20 01 62 33 2f fe  |@.1.F$.... .b3/.|
00008500  99 d9 00 df bd 94 0b 2e  69 f3 48 11 09 a5 72 d2  |........i.H...r.|
00008510  f7 e9 a6 83 46 49 a8 b5  3f 68 fc 99 a6 df e9 c7  |....FI..?h......|
00008520  aa 19 de ee 65 b9 12 ca  9d 9e 9d af 5d 2a 2a 2e  |....e.......]**.|
00008530  bc ef 4f b6 3f c0 66 ef  53 20 16 03 14 68 c2 c9  |..O.?.f.S ...h..|
00008540  5a 32 39 86 fe fa 6a 75  27 94 7a ad ee de 88 45  |Z29...ju'.z....E|
00008550  40 64 7d 69 58 5e 67 a6  41 78 2d b8 e7 f7 9a ea  |@d}iX^g.Ax-.....|
00008560  27 62 a6 14 ee c5 de 53  ea bc 92 f7 a1 b8 af e4  |'b.....S........|
00008570  3b 32 10 f1 27 fd 4e f9  6e 63 b0 60 81 58 88 b2  |;2..'.N.nc.`.X..|
00008580  ee 79 c6 00 94 83 8b ef  6d c1 04 28 00 5a f0 e2  |.y......m..(.Z..|
00008590  64 4d ad 2c 01 10 9d 76  e4 a1 28 a7 23 89 f8 2f  |dM.,...v..(.#../|
000085a0  f6 d0 2d 15 89 dd f8 ac  df 57 9a 0d 49 ae ba f4  |..-......W..I...|
000085b0  b0 ef 84 52 ab 85 aa d7  f9 16 00 c9 d3 9f 16 d0  |...R............|
000085c0  81 08 98 75 e5 cd 66 f6  b5 b7 ea e9 54 5b 25 eb  |...u..f.....T[%.|
000085d0  e1 d0 ba 37 8a 9d 70 cb  ba 7e d9 dc a5 ca 22 e2  |...7..p..~....".|
000085e0  10 a4 34 6e 1f e4 98 4b  9d 05 a9 91 a0 be ea 8c  |..4n...K........|
000085f0  0d 5d e7 12 fd 11 b7 c1  fb 70 5d 48 5f 05 29 db  |.].......p]H_.).|
00008600  ab c2 21 e9 8a 29 75 42  85 44 a3 13 38 98 ae 30  |..!..)uB.D..8..0|
00008610  91 72 c8 83 af 1e 67 7a  1e fe e5 46 d3 78 99 6c  |.r....gz...F.x.l|
00008620  62 eb 8b 6c 88 72 9d f8  df 99 68 38 34 f7 e6 89  |b..l.r....h84...|
00008630  b6 48 94 54 0a 14 ed 53  82 35 a0 d2 4b d4 39 c8  |.H.T...S.5..K.9.|
00008640  2f 47 a7 7e 2d b9 8c cf  1d f4 e3 b3 4c df 13 be  |/G.~-.......L...|
00008650  1d 07 fc 15 8a db 28 f7  b3 69 01 28 97 18 df df  |......(..i.(....|
00008660  52 09 50 00 b4 d4 95 29  f4 30 2f b3 12 a0 3c b0  |R.P....).0/...<.|
00008670  b4 0d 30 1e 96 eb 91 be  25 95 f4 9a b2 21 c6 a7  |..0.....%....!..|
00008680  2d d9 f8 f4 b4 b5 01 e9  5d 3b 99 21 d7 5f 66 3a  |-.......];.!._f:|
00008690  23 88 ce 75 7f 2b e6 cf  6e a8 5b 69 5e 1e f1 45  |#..u.+..n.[i^..E|
000086a0  98 6a 57 65 6f ca 98 b3  9c ec fb 9c 74 94 d9 f1  |.jWeo.......t...|
000086b0  27 63 f5 e4 ea e6 9f 83  28 da 30 35 39 50 1a c4  |'c......(.059P..|
000086c0  e0 1a a5 ee fe ec eb 6e  43 fd 02 b8 03 24 75 31  |.......nC....$u1|
000086d0  f2 b3 37 55 08 24 4f 9b  c2 54 fd d4 70 7f f4 3e  |..7U.$O..T..p..>|
000086e0  e1 70 b3 fd 45 a7 20 45  50 b2 1e 10 f5 5f cc a4  |.p..E. EP...._..|
000086f0  2f c2 49 2e 42 32 03 f0  de c9 3f bc d0 2c 42 a4  |/.I.B2....?..,B.|
00008700  fb 06 94 4f 96 bc 7d 1f  af e4 5c e5 3e d8 b8 0e  |...O..}...\.>...|
00008710  42 0d 4d 99 06 5f 79 ae  d9 ee 1b 07 c5 f1 13 95  |B.M.._y.........|
00008720  8a a2 58 04 88 3b 00 1b  bd f8 eb e7 de 7e bf 99  |..X..;.......~..|
00008730  f3 d3 3b cc 9a e9 b3 f4  ef da a9 b2 44 57 4a a9  |..;.........DWJ.|
00008740  d7 9c b3 06 82 70 ed 5a  0d 3c 95 32 d7 83 2e 3b  |.....p.Z.<.2...;|
00008750  d3 74 3f 00 3e 7f 11 03  e2 ef f7 6c 55 71 02 60  |.t?.>......lUq.`|
00008760  d5 a4 e9 da 0b a0 ee b9  57 ac e0 4b eb 41 10 f5  |........W..K.A..|
00008770  02 d8 0e 5d 28 77 bc 66  1c b2 2d 3a 97 6d 6d 49  |...](w.f..-:.mmI|
00008780  32 49 de bb 1f 8c bf de  4c bf f0 6a d4 62 b0 a9  |2I......L..j.b..|
00008790  af a9 2f 51 60 08 90 dd  45 ba 01 0e 47 7f 07 97  |../Q`...E...G...|
000087a0  8d 52 2a 68 be 6f ab 26  40 01 10 e0 f2 96 65 01  |.R*h.o.&@.....e.|
000087b0  c0 c3 6f 03 f2 f1 c5 0f  da f5 b3 7b a0 7e ff 8d  |..o........{.~..|
000087c0  66 d5 1b ef 69 aa 9c 46  54 eb 29 b4 44 1f b7 33  |f...i..FT.).D..3|
000087d0  65 47 3e 5e 09 b0 92 92  ba 5d f7 fd 8c d9 11 39  |eG>^.....].....9|
000087e0  f5 5a ed 4f aa e5 c9 46  5b 24 f5 2c ae 03 30 f2  |.Z.O...F[$.,..0.|
000087f0  40 cd ed ce dc 80 30 3f  11 19 7d 4e 3e da ec 70  |@.....0?..}N>..p|
00008800  c5 39 d9 02 40 b6 18 3d  0d da c4 70 35 ff 63 d3  |.9..@..=...p5.c.|
00008810  5f 82 12 b8 b3 26 dc 80  fa 05 ef da c8 75 11 02  |_....&.......u..|
00008820  ae 64 6c f4 3b 72 0b 14  db 00 73 4c d1 11 07 db  |.dl.;r....sL....|
00008830  16 b7 95 a9 e9 d9 5d 1b  f7 f4 41 61 25 0d ce 13  |......]...Aa%...|
00008840  4b 4b 91 cd 5f 1f e4 51  30 9a 06 c2 49 77 40 70  |KK.._..Q0...Iw@p|
00008850  9b 85 2c 86 79 88 ac 5f  37 67 81 f6 ac 77 19 04  |..,.y.._7g...w..|
00008860  e5 58 04 72 e6 2a 16 1a  98 e9 25 8d 50 0a 17 75  |.X.r.*....%.P..u|
00008870  1c 39 d4 0c be 6a 2c da  f4 ee 62 37 c8 28 d0 b3  |.9...j,...b7.(..|
00008880  54 53 7b da d7 25 fe 5d  59 2b 58 41 64 c3 ff e8  |TS{..%.]Y+XAd...|
00008890  b5 77 cd cc 8b ae 35 75  2f bd 89 74 44 ac 2f 52  |.w....5u/..tD./R|
000088a0  27 f3 af a5 dc cf cc 5a  03 f9 f7 d6 48 ef eb f6  |'......Z....H...|
000088b0  f9 cf 98 c1 b8 47 a4 d0  8f 16 27 82 f8 f0 bd f9  |.....G....'.....|
000088c0  ab 70 ce 77 01 20 4b 41  cb 1c 8b 3b 24 ff 05 01  |.p.w. KA...;$...|
000088d0  d0 00 41 d7 eb a8 af 98  1d 44 00 74 46 aa 6d 81  |..A......D.tF.m.|
000088e0  98 94 62 8f a3 1c 01 80  0a 8f d3 2f b8 2a 5b 00  |..b......../.*[.|
000088f0  44 95 ac 5a e1 3b ca 76  c0 c5 c8 fe 77 fe 9c 02  |D..Z.;.v....w...|
00008900  20 c0 75 2f 4b 00 48 ce  3f 9a b2 d4 7e f5 40 33  | .u/K.H.?...~.@3|
00008910  ec ce ab 8d 14 f4 99 31  f6 2a b3 0a 4d 74 1a 10  |.......1.*..Mt..|
00008920  b0 27 5d e7 f4 c1 1c a5  55 59 1c 56 14 e8 2b 27  |.'].....UY.V..+'|
00008930  e0 cc 96 df 15 5f bf 9c  b0 db 0e ec ab 26 e4 7e  |....._.......&.~|
00008940  67 1e 67 23 e7 a5 34 af  54 65 d3 21 8a 44 b4 e3  |g.g#..4.Te.!.D..|
00008950  2d 52 07 e0 e5 e1 ff 6b  a3 e0 0b ac 83 9c b0 fb  |-R.....k........|
00008960  fc e0 08 7d 80 8a 99 dd  9e 28 d3 5f c9 07 a4 6c  |...}.....(._...l|
00008970  02 e2 f2 58 87 36 b6 92  1e b8 e4 cf 7f 37 6b 91  |...X.6.......7k.|
00008980  4a 26 0f 6a 99 7f 2b e4  92 bb cb cd b9 e6 e4 d0  |J&.j..+.........|
00008990  b6 c4 5d cc 42 4f d1 98  af bc 5a a3 b2 5c 97 3d  |..].BO....Z..\.=|
000089a0  77 d5 8e 7d 9d 3f 65 37  54 c9 67 77 0d 74 8a 89  |w..}.?e7T.gw.t..|
000089b0  0a 0d 50 54 c4 b6 18 8f  eb fa 57 f7 ef 57 21 04  |..PT......W..W!.|
000089c0  ee 40 b5 c1 d7 4d fd bc  45 7a 0d 22 d6 b4 f0 8d  |.@...M..Ez."....|
000089d0  73 0d a4 b9 08 dc 5c a3  07 bf dc 27 ba f1 23 18  |s.....\....'..#.|
000089e0  52 6a 08 48 ad 87 ed cf  ff a1 69 dd 11 5d f0 3c  |Rj.H......i..].<|
000089f0  6d fe 0e 55 1a 77 f9 0c  e9 1e b8 e0 b7 8f 20 9d  |m..U.w........ .|
00008a00  74 9a 16 e3 11 2b 8c 8a  b0 62 d7 92 b6 06 d1 32  |t....+...b.....2|
00008a10  88 c5 49 d7 00 dc 6a b6  eb 61 3a 8e 1a 66 7a 7d  |..I...j..a:..fz}|
00008a20  ef 9b a6 f6 b0 fd 6d c3  bf a8 64 b3 bd 0d 0b 67  |......m...d....g|
00008a30  24 14 b8 ed b2 ef b1 48  00 88 05 40 ba 10 ae 78  |$......H...@...x|
00008a40  fe 3f c5 bb 01 1e 7e a8  d9 e1 ea f3 bc 59 00 e4  |.?....~......Y..|
00008a50  da 67 89 00 b8 e8 9a c2  02 40 24 31 ee f3 d1 4f  |.g.......@$1...O|
00008a60  dc 4d 0b 40 25 8b bd 95  ff 0e 05 40 80 0b 5c 96  |.M.@%......@..\.|
00008a70  00 90 da 33 eb 1a 4c b7  fd f7 36 43 6f bb 1c 85  |...3..L...6Co...|
00008a80  50 ba 6a 57 bc f9 77 dc  6f 16 3e f2 b8 59 87 32  |P.jW..w.o.>..Y.2|
00008a90  b1 f5 28 1e a3 a9 fb 62  11 88 4c a6 72 32 d4 0d  |..(....b..L.r2..|
00008aa0  4a 4d bb 38 41 e2 a1 aa  a9 5a 48 d3 6a d3 bb 27  |JM.8A....ZH.j..'|
00008ab0  36 bc d1 28 f4 f3 5d d3  61 e7 1d 35 d8 4f 5e f1  |6..(..].a..5.O^.|
00008ac0  a9 57 f7 cc ec 2d dd 45  c0 4b 19 d7 17 07 ec 65  |.W...-.E.K.....e|
00008ad0  5b fb 6a d0 58 32 5c b1  f1 bf a5 a1 4c ef 1f 1c  |[.j.X2\.....L...|
00008ae0  69 86 a2 4f bd 3b d9 17  5b b6 d8 34 2d ee 92 28  |i..O.;..[..4-..(|
00008af0  b8 6e c5 8b af 9b 85 f7  fc c1 ac 78 e1 15 9c b0  |.n.........x....|
00008b00  e7 9b 06 54 ea 93 80 38  2d ec 83 93 9a 5a 06 5c  |...T...8-....Z.\|
00008b10  ea a3 5c bb 6c b2 d1 c6  2c cc 45 e0 54 77 ee 60  |..\.l...,.E.Tw.`|
00008b20  da f4 e9 a5 a6 e6 6d bf  7e 10 cc e8 87 e8 ef b9  |......m.~.......|
00008b30  36 c9 95 f8 9a dd 5c ad  08 80 95 22 0a 1e 9c 77  |6.....\...."...w|
00008b40  d7 43 66 c9 ef 9f 30 ab  df 9b 82 ac 86 05 ba e9  |.Cf...0.........|
00008b50  e9 5c f5 64 1b a5 c6 89  35 26 9a ab a6 43 ba b5  |.\.d....5&...C..|
00008b60  82 39 be 66 db ee a6 2d  e2 32 ba 7c 6e 4f d3 13  |.9.f...-.2.|nO..|
00008b70  27 50 57 91 51 73 fd e5  7a 3d 05 c5 25 d7 22 be  |'PW.Qs..z=..%.".|
00008b80  16 cc 45 72 f0 e5 5a c4  d5 b3 e8 81 47 11 e3 f0  |..Er..Z.....G...|
00008b90  38 04 d8 6c 53 3f 77 a1  75 fb 48 ad 02 b9 16 97  |8..lS?w.u.H.....|
00008ba0  e6 97 a8 15 a1 f7 82 c4  0e c8 fd 27 63 89 f0 12  |...........'c...|
00008bb0  33 37 fe de ba 7b 17 75  63 74 d8 79 88 a9 fd ca  |37...{.uct.y....|
00008bc0  17 b5 30 92 dc 7b f9 a7  7e 7b 1b 16 cb 61 29 76  |..0..{..~{...a)v|
00008bd0  27 6d fa 73 f7 fd 93 4e  94 92 76 ba e2 65 54 86  |'m.s...N..v..eT.|
00008be0  ac 81 db 27 cd 02 00 2b  ce 86 fa 35 a6 e7 37 0e  |...'...+...5..7.|
00008bf0  43 6a 6c 54 88 a8 09 a2  44 e3 6d c4 c2 04 56 33  |CjlT....D.m...V3|
00008c00  ce bf c6 4c b9 fc c7 a6  5d bb de ea f6 da e4 25  |...L....]......%|
00008c10  97 2e 4c f1 92 0e 8f 1d  47 0d 8f ad 17 e5 5f 35  |..L.....G....._5|
00008c20  7f 63 6b 24 40 01 10 e0  aa 96 27 00 10 9d 8f 42  |.ck$@.....'....B|
00008c30  31 b5 07 ef 6b 86 de 8e  86 39 52 13 3e 3a a5 d6  |1...k....9R.>:..|
00008c40  2f 58 ac 75 fd 97 a1 a2  db da 99 1f 22 ef 7a 99  |/X.u........".z.|
00008c50  5a 0b c4 b4 2d 7f e4 01  5d 0d f3 a1 94 92 ad 46  |Z...-...]......F|
00008c60  a5 b8 76 db f7 33 9d 71  e2 95 da f4 52 db 5e 5e  |..v..3.q....R.^^|
00008c70  95 6c 7c 2e 70 4b 4e f6  b3 af bc 49 4d a4 71 a9  |.l|.pKN....IM.q.|
00008c80  dc e8 81 9d b3 91 40 20  74 43 4f f9 1e 07 ed 1b  |......@ tCO.....|
00008c90  37 82 29 65 d9 1a 37 56  71 23 d8 e0 40 79 ad 7a  |7.)e..7Vq#..@y.z|
00008ca0  7b b2 91 4e 8a 75 2f fc  47 fb 1b 34 2c 5d a1 ed  |{..N.u/.G..4,]..|
00008cb0  77 c5 12 f1 31 58 d9 00  46 98 df 61 69 90 d3 6a  |w...1X..F..ai..j|
00008cc0  35 2a 19 56 a1 df bb 14  49 ea 88 e6 3c dd 50 96  |5*.V....I...<.P.|
00008cd0  b7 cb de 9f 8c 4e 9b 22  30 70 ca 2a 23 ea 3d 6d  |.....N."0p.*#.=m|
00008ce0  ee c9 93 aa 7c be 06 6c  46 42 60 c9 63 4f 6b 31  |....|..lFB`.cOk1|
00008cf0  9c 95 6f be af 62 6d 03  36 54 71 eb 88 20 d0 07  |..o..bm.6Tq.. ..|
00008d00  bf 74 c2 c3 b5 49 79 e2  2a b8 76 24 de a3 dd a0  |.t...Iy.*.v$....|
00008d10  7e a6 cb a7 c7 a0 84 f0  5e a6 03 0a 06 c5 6b 15  |~.......^.....k.|
00008d20  99 c5 e5 ef 9b e3 74 9c  1c 57 37 2b c9 f1 97 f9  |......t..W7+....|
00008d30  81 a7 08 c5 15 cf bc 64  96 3f fd 2f 75 43 ad 9d  |.......d.?./uC..|
00008d40  0b 51 03 2b d4 7a b4 e8  95 62 46 52 69 52 2d 13  |.Q.+.z...bFRiR-.|
00008d50  fa 02 53 f8 ae f5 ba 90  ad d0 1a c5 7c aa bb 74  |..S.........|..t|
00008d60  32 6d b7 ef 8b 20 d3 4f  98 ae fb ed 65 3a 8f 19  |2m... .O....e:..|
00008d70  61 af 4b cb 10 e3 3f b0  06 9b 43 d4 e4 af 97 ab  |a.K...?...C.....|
00008d80  eb 20 f7 ce 6c 58 6a 56  bd 09 97 9a 14 8f da 90  |. ..lXjV........|
00008d90  db 1b 43 25 6c 35 be 7f  2b d1 cf 01 75 08 c4 45  |..C%l5..+...u..E|
00008da0  d4 1a d7 52 49 0b 62 37  07 ad 28 19 a5 48 2e f8  |...RI.b7..(..H..|
00008db0  cd 43 66 ee ad 13 51 7f  a1 9b 15 49 4a cd be ac  |.Cf...Q....IJ...|
00008dc0  65 49 42 51 30 27 30 14  17 dd 36 03 fb 35 e9 b3  |eIBQ0'0...6..5..|
00008dd0  4b f9 ce f1 3d 61 11 a0  00 08 6b bd ec 97 bb 9c  |K...=a....k.....|
00008de0  20 40 09 d4 43 e0 97 54  5c 13 01 20 0f 52 79 80  | @..C..T\.. .Ry.|
00008df0  c9 83 56 ba c5 b9 57 3d  cc e4 ab df 9d a2 d6 01  |..V...W=........|
00008e00  a9 24 d7 b0 1c 4d 56 b0  a1 d4 e0 b4 d5 ba 6b 17  |.$...MV.......k.|
00008e10  d3 6e c7 01 66 1b 08 80  f8 41 14 b5 02 76 81 6e  |.n..f....A...v.n|
00008e20  fa c8 2e e7 b4 15 f9 c0  cb c1 5f c9 86 95 34 4d  |.........._...4M|
00008e30  ab 89 5e 4e d8 89 eb 96  46 39 52 93 bf 7e fe 42  |..^N....F9R..~.B|
00008e40  b3 1e 42 60 03 d2 d9 d4  25 01 d7 48 eb 4e 9d e0  |..B`....%..H.N..|
00008e50  5b ee 6c da a0 9e 41 db  7e bd d4 d4 1c 5f bf 6e  |[.l...A.~...._.n|
00008e60  d2 b8 66 d9 50 3d 9d a4  73 e6 ea 36 4f 7c a0 eb  |..f.P=..s..6O|..|
00008e70  e2 27 62 6b 25 36 ce 7a  d4 38 90 92 bf 32 57 71  |.'bk%6.z.8...2Wq|
00008e80  a3 c8 1a c8 1a b5 a9 45  21 1d b4 b9 95 14 cc 6d  |.......E!......m|
00008e90  06 0f 68 9c ab f8 c3 d5  c2 61 6b e7 57 c2 b1 9c  |..h......ak.W...|
00008ea0  75 72 ef cd b5 6c d8 52  c8 c9 42 45 72 2d d2 ab  |ur...l.R..BEr-..|
00008eb0  60 ed 2c 88 30 5c 8b 04  a8 6e 58 b3 46 7f 5d e6  |`.,.0\...nX.F.].|
00008ec0  da 1a 85 81 6a 20 3c 6b  7a 6e 6b da 81 7f 3b 5c  |....j <kznk...;\|
00008ed0  53 f2 ba e4 7b a0 af 66  da f8 37 b9 2e 59 23 cd  |S...{..f..7..Y#.|
00008ee0  ae 91 fb 40 dc 38 b9 df  01 bd 7e 31 a4 ad c7 0f  |...@.8....~1....|
00008ef0  e4 3e f1 60 75 89 99 ca  64 f4 7e 96 0f b7 dd 23  |.>.`u...d.~....#|
00008f00  93 eb da c8 5e 04 95 58  b9 fc dd a7 95 dc 0b fc  |....^..X........|
00008f10  9d 96 49 80 02 a0 65 ae  4b c1 59 55 22 00 7a 1c  |..I...e.K.YU".z.|
00008f20  f4 39 15 00 da c2 37 32  41 3a bf 73 32 3d b0 d0  |.9....72A:.s2=..|
00008f30  07 bb 54 42 3d ed ca a9  b7 c2 8d 2f fe fc f8 01  |..TB=....../....|
00008f40  1a 05 1c 44 be 6b bb 03  e0 4f e2 48 23 1b 82 6c  |...D.k...O.H#..l|
00008f50  b6 95 6e 5e f1 e6 2a c3  46 41 77 f2 21 59 2d 72  |..n^..*.FAw.!Y-r|
00008f60  d3 38 58 01 11 d5 f4 f7  f0 30 cf 62 9d 2f 04 f4  |.8X......0.b./..|
00008f70  41 2f 27 b9 c4 e9 bd d8  6d ab 6b a5 69 88 e2 2e  |A/'.....m.k.i...|
00008f80  b0 45 75 2a 65 57 ec b3  8a fd 3c 69 89 b1 15 0c  |.Eu*eW....<i....|
00008f90  25 6d 30 32 fd 17 fb e5  bc 9f 37 de 83 8d ee 9a  |%m02......7.....|
00008fa0  2d 79 5d 3a bd b4 78 8c  fc eb 8a 02 3e 0b b9 c6  |-y]:..x.....>...|
00008fb0  4a 45 91 fc fe 94 f4 d9  fa 7d b2 df 57 be 48 20  |JE.......}..W.H |
00008fc0  49 80 02 20 c0 fb c1 87  00 b0 cf 04 fb 40 d0 0d  |I.. .........@..|
00008fd0  c7 f9 bb 6d 04 5f 62 f3  95 07 87 bc 59 1e b8 95  |...m._b.....Y...|
00008fe0  6f fa 9b 60 76 16 00 f7  f0 74 41 88 f9 2e 80 e8  |o..`v....tA.....|
00008ff0  e7 95 8a 8d d4 8d dc 09  20 bd 66 b9 56 89 dc 4f  |........ .f.V..O|
00009000  3c c8 75 6e 4a c8 fe 7f  64 72 d5 f8 00 4b 47 5f  |<.unJ...dr...KG_|
00009010  cd f1 40 dd e4 61 2f 7e  71 3b d9 68 22 49 95 e4  |..@..a/~q;.h"I..|
00009020  d6 0a b3 4c 44 f7 37 d7  5c 4b f9 2a e5 5c 4f 54  |...LD.7.\K.*.\OT|
00009030  7a 5a 4b 1a bb 57 d2 86  ed 14 a0 6e 5e 76 13 f3  |zZK..W.....n^v..|
00009040  91 b5 50 ca 3c 0b bd 27  77 4d a2 ef 4b be 62 b5  |..P.<..'wM..K.b.|
00009050  df 2c 7b 0f a9 89 c0 5e  58 53 ef e3 1c 0b 80 fb  |.,{....^XS......|
00009060  de da 91 13 9f 97 32 a7  e8 3e de 52 62 a9 a9 cc  |......2..>.Rb...|
00009070  f9 fb 9b 87 00 05 c0 e6  e1 ba 59 47 f5 21 00 9a  |..........YG.!..|
00009080  63 f3 da ac 10 7c 0f 5e  44 90 f8 fe b8 26 8f 17  |c....|.^D....&..|
00009090  da 7c 33 2e 38 67 33 4d  79 4f a3 2e e4 e9 b5 c9  |.|3.8g3MyO......|
000090a0  f7 0c 07 20 81 3c 02 14  00 01 de 12 14 00 01 2e  |... .<..........|
000090b0  1a a7 4c 02 24 40 02 2d  8c 00 05 40 0b 5b 90 52  |..L.$@.-...@.[.R|
000090c0  a6 43 01 50 0a 25 be 87  04 48 80 04 48 a0 10 01  |.C.P.%...H..H...|
000090d0  0a 80 00 ef 0f 0a 80 00  17 8d 53 26 01 12 20 81  |..........S&.. .|
000090e0  16 46 80 02 a0 85 2d 48  29 d3 a1 00 28 85 12 df  |.F....-H)...(...|
000090f0  43 02 24 40 02 24 40 0b  c0 56 76 0f 50 00 6c 65  |C.$@.$@..Vv.P.le|
00009100  0b ca cb 21 01 12 20 81  2d 40 80 16 80 2d 00 bd  |...!.. .-@...-..|
00009110  a9 1f 49 01 d0 54 82 fc  7d 12 20 01 12 20 01 0a  |..I..T..}. .. ..|
00009120  80 00 ef 01 0a 80 00 17  8d 53 26 01 12 20 81 16  |.........S&.. ..|
00009130  46 80 02 a0 85 2d 48 29  d3 a1 00 28 85 12 df 43  |F....-H)...(...C|
00009140  02 24 40 02 24 c0 18 80  ad ec 1e a0 00 d8 ca 16  |.$@.$...........|
00009150  94 97 43 02 24 40 02 5b  80 00 2d 00 5b 00 7a 53  |..C.$@.[..-.[.zS|
00009160  3f 92 02 a0 a9 04 f9 fb  24 40 02 24 40 02 14 00  |?.......$@.$@...|
00009170  01 de 03 d2 10 45 9a d8  2c fd c7 bf cc d4 93 2f  |.....E..,....../|
00009180  36 eb 66 7d a8 ad 6b 53  1b 83 a0 96 aa 74 91 4b  |6.f}..kS.....t.K|
00009190  76 03 64 3d f0 00 17 9d  53 26 01 12 20 01 cf 04  |v.d=....S&.. ...|
000091a0  28 00 3c 03 6d 8e e1 62  0b c0 33 2f 9a a9 3f ba  |(.<.m..b..3/..?.|
000091b0  c4 ac 9d 31 cb 54 6d d3  ce 36 b6 c9 7f 49 3b 60  |...1.Tm..6...I;`|
000091c0  f4 5a ef 71 c8 7e 66 e8  ad 97 e7 74 03 6c 8e b9  |.Z.q.~f....t.l..|
000091d0  f2 33 48 80 04 48 80 04  5a 26 01 0a 80 96 b9 2e  |.3H..H..Z&......|
000091e0  05 67 b5 71 fd 7a 58 00  6a cc e2 3f 3c 61 26 c3  |.g.q.zX.j..?<a&.|
000091f0  02 b0 61 45 1d 5a c5 b6  ce b4 00 48 1b db 4e bb  |..aE.Z.....H..N.|
00009200  8d 30 23 1e b9 05 7d e3  3b 6f b1 b6 b0 01 a2 e6  |.0#...}.;o......|
00009210  94 49 80 04 48 60 ab 25  40 01 10 e0 d2 6e 6c 80  |.I..H`.%@....nl.|
00009220  0b 00 1b 7e dd 4b 6f 98  d9 57 dd 62 ea 17 2e 36  |...~.Ko..W.b...6|
00009230  55 6d 6a 32 2d 00 1f c3  65 d0 e9 53 bb 98 ed 2f  |Umj2-...e..S.../|
00009240  3e d5 b4 ee d0 1e 2d d9  37 a2 ab 2a da fb f2 45  |>.....-.7..*...E|
00009250  02 24 40 02 24 f0 5f 4b  80 02 20 c0 a5 8f 5b a8  |.$@.$._K.. ...[.|
00009260  e2 64 bf 71 5d 3d 36 fe  8d b6 df 78 8a 07 20 6e  |.d.q]=6....x.. n|
00009270  47 de ba da b4 6a db a6  c9 fd c8 03 c4 c5 29 93  |G....j........).|
00009280  00 09 90 00 09 a4 10 a0  00 e0 6d 41 02 24 40 02  |..........mA.$@.|
00009290  24 40 02 ff 85 04 28 00  02 5c f4 d8 02 f0 71 da  |$@....(..\....q.|
000092a0  91 bf f0 05 b5 82 a5 80  59 00 01 2e 3a a7 4c 02  |........Y...:.L.|
000092b0  24 40 02 9e 09 50 00 78  06 ca e1 48 80 04 48 80  |$@...P.x...H..H.|
000092c0  04 48 20 04 02 14 00 21  ac 12 e7 48 02 24 40 02  |.H ....!...H.$@.|
000092d0  24 40 02 9e 09 50 00 78  06 ca e1 48 80 04 48 80  |$@...P.x...H..H.|
000092e0  04 48 20 04 02 14 00 21  ac 12 e7 48 02 24 40 02  |.H ....!...H.$@.|
000092f0  24 40 02 9e 09 50 00 78  06 ca e1 48 80 04 48 80  |$@...P.x...H..H.|
00009300  04 48 20 04 02 14 00 21  ac 12 e7 48 02 24 40 02  |.H ....!...H.$@.|
00009310  24 40 02 9e 09 50 00 78  06 ca e1 48 80 04 48 80  |$@...P.x...H..H.|
00009320  04 48 20 04 02 14 00 21  ac 12 e7 48 02 24 40 02  |.H ....!...H.$@.|
00009330  24 40 02 9e 09 50 00 78  06 ca e1 48 80 04 48 80  |$@...P.x...H..H.|
00009340  04 48 20 04 02 14 00 21  ac 12 e7 48 02 24 40 02  |.H ....!...H.$@.|
00009350  24 40 02 9e 09 50 00 78  06 ca e1 48 80 04 48 80  |$@...P.x...H..H.|
00009360  04 48 20 04 02 14 00 21  ac 12 e7 48 02 24 40 02  |.H ....!...H.$@.|
00009370  24 40 02 9e 09 50 00 78  06 ca e1 48 80 04 48 80  |$@...P.x...H..H.|
00009380  04 48 20 04 02 14 00 21  ac 12 e7 48 02 24 40 02  |.H ....!...H.$@.|
00009390  24 40 02 9e 09 50 00 78  06 ca e1 48 80 04 48 80  |$@...P.x...H..H.|
000093a0  04 48 20 04 02 14 00 21  ac 12 e7 48 02 24 40 02  |.H ....!...H.$@.|
000093b0  24 40 02 9e 09 50 00 78  06 ca e1 48 80 04 48 80  |$@...P.x...H..H.|
000093c0  04 48 20 04 02 14 00 21  ac 12 e7 48 02 24 40 02  |.H ....!...H.$@.|
000093d0  24 40 02 9e 09 50 00 78  06 ca e1 48 80 04 48 80  |$@...P.x...H..H.|
000093e0  04 48 20 04 02 14 00 21  ac 12 e7 48 02 24 40 02  |.H ....!...H.$@.|
000093f0  24 40 02 9e 09 50 00 78  06 ca e1 48 80 04 48 80  |$@...P.x...H..H.|
00009400  04 48 20 04 02 14 00 21  ac 12 e7 48 02 24 40 02  |.H ....!...H.$@.|
00009410  24 40 02 9e 09 50 00 78  06 ca e1 48 80 04 48 80  |$@...P.x...H..H.|
00009420  04 48 20 04 02 14 00 21  ac 12 e7 48 02 24 40 02  |.H ....!...H.$@.|
00009430  24 40 02 9e 09 50 00 78  06 ca e1 48 80 04 48 80  |$@...P.x...H..H.|
00009440  04 48 20 04 02 14 00 21  ac 12 e7 48 02 24 40 02  |.H ....!...H.$@.|
00009450  24 40 02 9e 09 50 00 78  06 ca e1 48 80 04 48 80  |$@...P.x...H..H.|
00009460  04 48 20 04 02 14 00 21  ac 12 e7 48 02 24 40 02  |.H ....!...H.$@.|
00009470  24 40 02 9e 09 50 00 78  06 ca e1 48 80 04 48 80  |$@...P.x...H..H.|
00009480  04 48 20 04 02 14 00 21  ac 12 e7 48 02 24 40 02  |.H ....!...H.$@.|
00009490  24 40 02 9e 09 50 00 78  06 ca e1 48 80 04 48 80  |$@...P.x...H..H.|
000094a0  04 48 20 04 02 14 00 21  ac 12 e7 48 02 24 40 02  |.H ....!...H.$@.|
000094b0  24 40 02 9e 09 50 00 78  06 ca e1 48 80 04 48 80  |$@...P.x...H..H.|
000094c0  04 48 20 04 02 14 00 21  ac 12 e7 48 02 24 40 02  |.H ....!...H.$@.|
000094d0  24 40 02 9e 09 50 00 78  06 ca e1 48 80 04 48 80  |$@...P.x...H..H.|
000094e0  04 48 20 04 02 14 00 21  ac 12 e7 48 02 24 40 02  |.H ....!...H.$@.|
000094f0  24 40 02 9e 09 50 00 78  06 ca e1 48 80 04 48 80  |$@...P.x...H..H.|
00009500  04 48 20 04 02 14 00 21  ac 12 e7 48 02 24 40 02  |.H ....!...H.$@.|
00009510  24 40 02 9e 09 50 00 78  06 ca e1 48 80 04 48 80  |$@...P.x...H..H.|
00009520  04 48 20 04 02 14 00 21  ac 12 e7 48 02 24 40 02  |.H ....!...H.$@.|
00009530  24 40 02 9e 09 50 00 78  06 ca e1 48 80 04 48 80  |$@...P.x...H..H.|
00009540  04 48 20 04 02 14 00 21  ac 12 e7 48 02 24 40 02  |.H ....!...H.$@.|
00009550  24 40 02 9e 09 50 00 78  06 ca e1 48 80 04 48 80  |$@...P.x...H..H.|
00009560  04 48 20 04 02 14 00 21  ac 12 e7 48 02 24 40 02  |.H ....!...H.$@.|
00009570  24 40 02 9e 09 50 00 78  06 ca e1 48 80 04 48 80  |$@...P.x...H..H.|
00009580  04 48 20 04 02 14 00 21  ac 12 e7 48 02 24 40 02  |.H ....!...H.$@.|
00009590  24 40 02 9e 09 50 00 78  06 ca e1 48 80 04 48 80  |$@...P.x...H..H.|
000095a0  04 48 20 04 02 14 00 21  ac 12 e7 48 02 24 40 02  |.H ....!...H.$@.|
000095b0  24 40 02 9e 09 50 00 78  06 ca e1 48 80 04 48 80  |$@...P.x...H..H.|
000095c0  04 48 20 04 02 14 00 21  ac 12 e7 48 02 24 40 02  |.H ....!...H.$@.|
000095d0  24 40 02 9e 09 50 00 78  06 ca e1 48 80 04 48 80  |$@...P.x...H..H.|
000095e0  04 48 20 04 02 14 00 21  ac 12 e7 48 02 24 40 02  |.H ....!...H.$@.|
000095f0  24 40 02 9e 09 50 00 78  06 ca e1 48 80 04 48 80  |$@...P.x...H..H.|
00009600  04 48 20 04 02 14 00 21  ac 12 e7 48 02 24 40 02  |.H ....!...H.$@.|
00009610  24 40 02 9e 09 50 00 78  06 ca e1 48 80 04 48 80  |$@...P.x...H..H.|
00009620  04 48 20 04 02 14 00 21  ac 12 e7 48 02 24 40 02  |.H ....!...H.$@.|
00009630  24 40 02 9e 09 50 00 78  06 ca e1 48 80 04 48 80  |$@...P.x...H..H.|
00009640  04 48 20 04 02 14 00 21  ac 12 e7 48 02 24 40 02  |.H ....!...H.$@.|
00009650  24 40 02 9e 09 50 00 78  06 ca e1 48 80 04 48 80  |$@...P.x...H..H.|
00009660  04 48 20 04 02 14 00 21  ac 12 e7 48 02 24 40 02  |.H ....!...H.$@.|
00009670  24 40 02 9e 09 50 00 78  06 ca e1 48 80 04 48 80  |$@...P.x...H..H.|
00009680  04 48 20 04 02 14 00 21  ac 12 e7 48 02 24 40 02  |.H ....!...H.$@.|
00009690  24 40 02 9e 09 50 00 78  06 ca e1 48 80 04 48 80  |$@...P.x...H..H.|
000096a0  04 48 20 04 02 14 00 21  ac 12 e7 48 02 24 40 02  |.H ....!...H.$@.|
000096b0  24 40 02 9e 09 50 00 78  06 ca e1 48 80 04 48 80  |$@...P.x...H..H.|
000096c0  04 48 20 04 02 14 00 21  ac 12 e7 48 02 24 40 02  |.H ....!...H.$@.|
000096d0  24 40 02 9e 09 50 00 78  06 ca e1 48 80 04 48 80  |$@...P.x...H..H.|
000096e0  04 48 20 04 02 14 00 21  ac 12 e7 48 02 24 40 02  |.H ....!...H.$@.|
000096f0  24 40 02 9e 09 50 00 78  06 ca e1 48 80 04 48 80  |$@...P.x...H..H.|
00009700  04 48 20 04 02 14 00 21  ac 12 e7 48 02 24 40 02  |.H ....!...H.$@.|
00009710  24 40 02 9e 09 50 00 78  06 ca e1 48 80 04 48 80  |$@...P.x...H..H.|
00009720  04 48 20 04 02 14 00 21  ac 12 e7 48 02 24 40 02  |.H ....!...H.$@.|
00009730  24 40 02 9e 09 50 00 78  06 ca e1 48 80 04 48 80  |$@...P.x...H..H.|
00009740  04 48 20 04 02 14 00 21  ac 12 e7 48 02 24 40 02  |.H ....!...H.$@.|
00009750  24 40 02 9e 09 50 00 78  06 ca e1 48 80 04 48 80  |$@...P.x...H..H.|
00009760  04 48 20 04 02 14 00 21  ac 12 e7 48 02 24 40 02  |.H ....!...H.$@.|
00009770  24 40 02 9e 09 50 00 78  06 ca e1 48 80 04 48 80  |$@...P.x...H..H.|
00009780  04 48 20 04 02 14 00 21  ac 12 e7 48 02 24 40 02  |.H ....!...H.$@.|
00009790  24 40 02 9e 09 50 00 78  06 ca e1 48 80 04 48 80  |$@...P.x...H..H.|
000097a0  04 48 20 04 02 14 00 21  ac 12 e7 48 02 24 40 02  |.H ....!...H.$@.|
000097b0  24 40 02 9e 09 50 00 78  06 ca e1 48 80 04 48 80  |$@...P.x...H..H.|
000097c0  04 48 20 04 02 14 00 21  ac 12 e7 48 02 24 40 02  |.H ....!...H.$@.|
000097d0  24 40 02 9e 09 50 00 78  06 ca e1 48 80 04 48 80  |$@...P.x...H..H.|
000097e0  04 48 20 04 02 14 00 21  ac 12 e7 48 02 24 40 02  |.H ....!...H.$@.|
000097f0  24 40 02 9e 09 50 00 78  06 ca e1 48 80 04 48 80  |$@...P.x...H..H.|
00009800  04 48 20 04 02 14 00 21  ac 12 e7 48 02 24 40 02  |.H ....!...H.$@.|
00009810  24 40 02 9e 09 50 00 78  06 ca e1 48 80 04 48 80  |$@...P.x...H..H.|
00009820  04 48 20 04 02 14 00 21  ac 12 e7 48 02 24 40 02  |.H ....!...H.$@.|
00009830  24 40 02 9e 09 50 00 78  06 ca e1 48 80 04 48 80  |$@...P.x...H..H.|
00009840  04 48 20 04 02 14 00 21  ac 12 e7 48 02 24 40 02  |.H ....!...H.$@.|
00009850  24 40 02 9e 09 50 00 78  06 ca e1 48 80 04 48 80  |$@...P.x...H..H.|
00009860  04 48 20 04 02 14 00 21  ac 12 e7 48 02 24 40 02  |.H ....!...H.$@.|
00009870  24 40 02 9e 09 50 00 78  06 ca e1 48 80 04 48 80  |$@...P.x...H..H.|
00009880  04 48 20 04 02 14 00 21  ac 12 e7 48 02 24 40 02  |.H ....!...H.$@.|
00009890  24 40 02 9e 09 50 00 78  06 ca e1 48 80 04 48 80  |$@...P.x...H..H.|
000098a0  04 48 20 04 02 14 00 21  ac 12 e7 48 02 24 40 02  |.H ....!...H.$@.|
000098b0  24 40 02 9e 09 50 00 78  06 ca e1 48 80 04 48 80  |$@...P.x...H..H.|
000098c0  04 48 20 04 02 14 00 21  ac 12 e7 48 02 24 40 02  |.H ....!...H.$@.|
000098d0  24 40 02 9e 09 50 00 78  06 ca e1 48 80 04 48 80  |$@...P.x...H..H.|
000098e0  04 48 20 04 02 14 00 21  ac 12 e7 48 02 24 40 02  |.H ....!...H.$@.|
000098f0  24 40 02 9e 09 50 00 78  06 ca e1 48 80 04 48 80  |$@...P.x...H..H.|
00009900  04 48 20 04 02 14 00 21  ac 12 e7 48 02 24 40 02  |.H ....!...H.$@.|
00009910  24 40 02 9e 09 50 00 78  06 ca e1 48 80 04 48 80  |$@...P.x...H..H.|
00009920  04 48 20 04 02 14 00 21  ac 12 e7 48 02 24 40 02  |.H ....!...H.$@.|
00009930  24 40 02 9e 09 50 00 78  06 ca e1 48 80 04 48 80  |$@...P.x...H..H.|
00009940  04 48 20 04 02 14 00 21  ac 12 e7 48 02 24 40 02  |.H ....!...H.$@.|
00009950  24 40 02 9e 09 50 00 78  06 ca e1 48 80 04 48 80  |$@...P.x...H..H.|
00009960  04 48 20 04 02 14 00 21  ac 12 e7 48 02 24 40 02  |.H ....!...H.$@.|
00009970  24 40 02 9e 09 50 00 78  06 ca e1 48 80 04 48 80  |$@...P.x...H..H.|
00009980  04 48 20 04 02 14 00 21  ac 12 e7 48 02 24 40 02  |.H ....!...H.$@.|
00009990  24 40 02 9e 09 50 00 78  06 ca e1 48 80 04 48 80  |$@...P.x...H..H.|
000099a0  04 48 20 04 02 14 00 21  ac 12 e7 48 02 24 40 02  |.H ....!...H.$@.|
000099b0  24 40 02 9e 09 50 00 78  06 ca e1 48 80 04 48 80  |$@...P.x...H..H.|
000099c0  04 48 20 04 02 14 00 21  ac 12 e7 48 02 24 40 02  |.H ....!...H.$@.|
000099d0  24 40 02 9e 09 50 00 78  06 ca e1 48 80 04 48 80  |$@...P.x...H..H.|
000099e0  04 48 20 04 02 14 00 21  ac 12 e7 48 02 24 40 02  |.H ....!...H.$@.|
000099f0  24 40 02 9e 09 50 00 78  06 ca e1 48 80 04 48 80  |$@...P.x...H..H.|
00009a00  04 48 20 04 02 14 00 21  ac 12 e7 48 02 24 40 02  |.H ....!...H.$@.|
00009a10  24 40 02 9e 09 50 00 78  06 ca e1 48 80 04 48 80  |$@...P.x...H..H.|
00009a20  04 48 20 04 02 14 00 21  ac 12 e7 48 02 24 40 02  |.H ....!...H.$@.|
00009a30  24 40 02 9e 09 50 00 78  06 ca e1 48 80 04 48 80  |$@...P.x...H..H.|
00009a40  04 48 20 04 02 14 00 21  ac 12 e7 48 02 24 40 02  |.H ....!...H.$@.|
00009a50  24 40 02 9e 09 50 00 78  06 ca e1 48 80 04 48 80  |$@...P.x...H..H.|
00009a60  04 48 20 04 02 14 00 21  ac 12 e7 48 02 24 40 02  |.H ....!...H.$@.|
00009a70  24 40 02 9e 09 50 00 78  06 ca e1 48 80 04 48 80  |$@...P.x...H..H.|
00009a80  04 48 20 04 02 14 00 21  ac 12 e7 48 02 24 40 02  |.H ....!...H.$@.|
00009a90  24 40 02 9e 09 50 00 78  06 ca e1 48 80 04 48 80  |$@...P.x...H..H.|
00009aa0  04 48 20 04 02 14 00 21  ac 12 e7 48 02 24 40 02  |.H ....!...H.$@.|
00009ab0  24 40 02 9e 09 50 00 78  06 ca e1 48 80 04 48 80  |$@...P.x...H..H.|
00009ac0  04 48 20 04 02 14 00 21  ac 12 e7 48 02 24 40 02  |.H ....!...H.$@.|
00009ad0  24 40 02 9e 09 50 00 78  06 ca e1 48 80 04 48 80  |$@...P.x...H..H.|
00009ae0  04 48 20 04 02 14 00 21  ac 12 e7 48 02 24 40 02  |.H ....!...H.$@.|
00009af0  24 40 02 9e 09 50 00 78  06 ca e1 48 80 04 48 80  |$@...P.x...H..H.|
00009b00  04 48 20 04 02 14 00 21  ac 12 e7 48 02 24 40 02  |.H ....!...H.$@.|
00009b10  24 40 02 9e 09 50 00 78  06 ca e1 48 80 04 48 80  |$@...P.x...H..H.|
00009b20  04 48 20 04 02 ff 0f e1  93 e1 23 be c3 27 29 00  |.H .......#..').|
00009b30  00 00 00 49 45 4e 44 ae  42 60 82 50 4b 03 04 0a  |...IEND.B`.PK...|
00009b40  00 00 00 00 00 37 10 70  56 00 00 00 00 00 00 00  |.....7.pV.......|
00009b50  00 00 00 00 00 07 00 1c  00 73 65 63 72 65 74 2f  |.........secret/|
00009b60  55 54 09 00 03 89 78 12  64 89 78 12 64 75 78 0b  |UT....x.d.x.dux.|
00009b70  00 01 04 00 00 00 00 04  00 00 00 00 50 4b 03 04  |............PK..|
00009b80  14 00 00 00 08 00 37 10  70 56 90 ce 3f 0a b5 0b  |......7.pV..?...|
00009b90  00 00 50 0c 00 00 0f 00  1c 00 73 65 63 72 65 74  |..P.......secret|
00009ba0  2f 66 6c 61 67 2e 70 6e  67 55 54 09 00 03 89 78  |/flag.pngUT....x|
00009bb0  12 64 89 78 12 64 75 78  0b 00 01 04 00 00 00 00  |.d.x.dux........|
00009bc0  04 00 00 00 00 cd 57 6b  3c d3 7d 1b ff 3b 64 3a  |......Wk<.}..;d:|
00009bd0  38 94 66 e4 cc 9d 3b 37  b2 10 1a 92 35 39 64 68  |8.f...;7....59dh|
00009be0  c8 74 3b e5 30 6d e5 6c  8d 2d a7 6e ee 92 42 69  |.t;.0m.l.-.n..Bi|
00009bf0  21 87 95 f2 b0 e4 dc 56  9b 32 72 e7 90 63 88 4c  |!......V.2r..c.L|
00009c00  4c c4 34 4c ca c8 0c cf  9e 97 cf 8b e7 fd f3 7d  |L.4L...........}|
00009c10  71 7d af e3 e7 f7 fb 5c  9f eb c5 75 65 7a b8 39  |q}.....\...uez.9|
00009c20  ca ed 39 b4 07 00 00 39  67 27 04 0a 00 24 d1 62  |..9....9g'...$.b|
00009c30  dd 54 51 2c 00 41 84 fe  79 31 49 87 db 23 ed 01  |.TQ,.A..y1I..#..|
00009c40  a0 3e 67 af e8 e2 2e b1  ad 1d e2 84 42 02 00 51  |.>g.........B..Q|
00009c50  1f 00 52 d3 01 40 28 76  a5 ce 03 00 1e 0a 00 bc  |..R..@(v........|
00009c60  20 00 80 15 00 00 24 ba  98 79 ce 46 1c 90 0c 3e  | .....$..y.F...>|
00009c70  eb 88 d8 d9 39 58 75 ac  57 6c 81 e2 9d 91 0e 20  |....9Xu.Wl..... |
00009c80  ae 94 a2 a4 84 71 ce 15  70 0e 00 ec 45 3b 23 ec  |.....q..p...E;#.|
00009c90  bd 12 d8 4b 6c 92 eb 90  8f 1a e8 fb 0d 54 bd 47  |...Kl........T.G|
00009ca0  56 bc 47 e5 05 c5 3d 7f  fc f1 4a 1b 42 d5 2d d0  |V.G...=...J.B.-.|
00009cb0  6e 33 40 83 0f 14 07 cf  0d 3f f6 7c eb f5 ba a7  |n3@......?.|....|
00009cc0  13 11 1f 59 78 a0 75 d7  c1 e1 13 72 da 95 8f ec  |...Yx.u....r....|
00009cd0  f5 62 8e ed 5b b9 9e ea  37 cb 2b af 3c 22 a5 ef  |.b..[...7.+.<"..|
00009ce0  75 74 d7 63 63 db 65 2d  64 e0 62 4e d9 54 74 33  |ut.cc.e-d.bN.Tt3|
00009cf0  eb 4d 3f d7 a4 6f 63 ab  ef 67 f1 d0 83 da 72 70  |.M?..oc..g....rp|
00009d00  27 e9 1c 95 48 e2 24 77  7c 69 1b aa 80 1c 7c 9d  |'...H.$w|i....|.|
00009d10  ec ef 01 c5 e3 ae bd c6  8c b0 85 6b 11 02 77 0c  |...........k..w.|
00009d20  26 2c 6c 8b b0 3c 96 97  7b ea 26 6a f7 f7 e9 0c  |&,l..<..{.&j....|
00009d30  a2 be ce c5 56 49 1c 85  6e 61 66 c6 9b 9f b0 4e  |....VI..naf....N|
00009d40  cc 27 ad 4b 4b 5e 5e 58  5c 64 a5 60 fc 71 b8 9e  |.'.KK^^X\d.`.q..|
00009d50  de 65 4e 54 84 60 5d 61  b7 aa 70 e6 7d e8 01 94  |.eNT.`]a..p.}...|
00009d60  ef b7 29 e8 67 7e 4c 8c  85 85 b3 f3 9d 3b 13 13  |..).g~L......;..|
00009d70  0c 86 ee dd a2 3f 49 9b  9d c5 d4 67 b7 da 0c 4c  |.....?I....g...L|
00009d80  52 b6 60 da 41 dc be 97  9c b1 c1 e0 4b 05 85 1b  |R.`.A.......K...|
00009d90  3c ef a0 29 9f c0 fd f0  9b a7 b4 ef 76 86 9a 8e  |<..)........v...|
00009da0  2d 8c 0e 5b 83 f7 a4 69  eb 3d 69 fa d3 68 fb 0b  |-..[...i.=i..h..|
00009db0  48 70 1b f5 8d f7 3e 58  ee 79 61 b1 ba ba 4d 02  |Hp....>X.ya...M.|
00009dc0  c8 a4 96 c7 fb 72 d2 f0  66 8d 0a 14 e1 eb 7b ee  |.....r..f.....{.|
00009dd0  9c bd 3d 06 13 c7 3d 49  94 f6 40 99 86 cb 03 a7  |..=...=I..@.....|
00009de0  2e b0 bf 76 5d db fe 5b  ce d6 16 f8 f6 cd f3 5f  |...v]..[......._|
00009df0  df 13 d2 d2 8c 8d 01 14  d6 cb 8b c8 2c 52 cb 9a  |............,R..|
00009e00  9d 53 56 ca 2b da ac e1  69 68 84 b4 cf 3f 1c 5d  |.SV.+...ih...?.]|
00009e10  cd bc 43 7b f1 a2 de d9  c9 a3 bf f9 04 8a a3 73  |..C{...........s|
00009e20  f7 da 96 20 4d 8a 4e d7  3d e7 26 8f 97 8e 16 be  |... M.N.=.&.....|
00009e30  b8 73 c7 43 45 c3 16 7b  af 46 93 4a 6d 6d b5 b7  |.s.CE..{.F.Jmm..|
00009e40  c7 62 01 29 1f f9 cf 59  88 06 0c f2 d2 7c fa 6e  |.b.)...Y.....|.n|
00009e50  4d cd b1 31 dd 0f e9 bb  ed b6 a4 81 ef dd 26 16  |M..1..........&.|
00009e60  16 ed ed 7c be 82 a6 c7  26 f9 be d1 85 af f3 bf  |...|....&.......|
00009e70  ba 7e 6f 6d 3d 7e 7c f8  96 9b db 68 8d 04 c2 51  |.~om=~|....h...Q|
00009e80  4d d5 e0 20 10 10 40 a5  f2 34 b3 20 86 e4 ec ec  |M.. ..@..4. ....|
00009e90  3d 64 17 5a 5c 45 75 75  13 e9 2a 9d 1f 87 9a fd  |=d.Z\Euu..*.....|
00009ea0  5a 0c 23 53 b4 d4 7b b8  6a 87 88 c4 c9 e6 08 ac  |Z.#S..{.j.......|
00009eb0  ea 01 53 d3 f0 f7 ef 7f  ac 95 1e fb eb 1d 9b 29  |..S............)|
00009ec0  58 f4 05 52 8b 2c 4b 8a  7f 89 1e 69 53 ef 5f 38  |X..R.,K....iS._8|
00009ed0  a7 ab 6a 7d 75 25 58 29  6f b6 db d0 50 82 48 64  |..j}u%X)o...P.Hd|
00009ee0  b3 d3 e1 16 45 bd 98 fa  ca 85 c8 cf d0 63 be f4  |....E........c..|
00009ef0  9e 81 e8 71 ba 59 f8 f0  65 05 8d 87 a6 0e 9e 8e  |...q.Y..e.......|
00009f00  9b fb c9 5d 92 52 48 a4  43 19 0f 87 03 01 f2 15  |...].RH.C.......|
00009f10  4f 42 2a 6b 83 11 a4 d3  48 fa d7 50 99 99 b7 bb  |OB*k....H..P....|
00009f20  18 36 7f bc 1f 2b cc 2d  d3 85 40 e0 38 dc 2f d1  |.6...+.-..@.8./.|
00009f30  c3 87 73 18 c2 fa fc 7c  47 0e e3 f3 db b7 93 93  |..s....|G.......|
00009f40  b9 b9 64 c3 dd 8c e4 a4  f6 7d fe de 32 a4 1b 60  |..d......}..2..`|
00009f50  e5 07 c5 cf 17 34 1e 30  dd dd e4 29 81 de 87 f3  |.....4.0...)....|
00009f60  92 b6 19 85 aa f8 a7 cd  4f 1a 06 07 a0 fa 67 ca  |........O.....g.|
00009f70  d9 2f fb db fe 82 3d ab  9c fa a9 65 73 29 6a fd  |./....=....es)j.|
00009f80  47 43 a3 da 2b 3d b2 8b  76 65 cd 51 43 b3 e3 e4  |GC..+=..ve.QC...|
00009f90  6e aa 21 0d 0b fb f6 2d  2c 34 9e 90 85 90 b4 bf  |n.!....-,4......|
00009fa0  bc b0 b5 79 e6 8c bf bf  7b 69 1d 1a 0c b6 b5 55  |...y....{i.....U|
00009fb0  b3 78 1e 58 db 44 f1 12  be 83 70 52 dc ab 55 34  |.x.X.D....pR..U4|
00009fc0  9b 49 96 3a 12 12 ed ed  19 19 b1 8c bb e7 3c f3  |.I.:..........<.|
00009fd0  98 37 e6 34 94 5b 3e 3c  49 5f 9c b0 0e cf e6 c7  |.7.4.[><I_......|
00009fe0  e1 16 78 0f 4d cb 1b ee  e5 36 86 3b e8 86 73 9f  |..x.M....6.;..s.|
00009ff0  38 8e d6 24 09 70 3d 05  42 e1 5d ab a1 34 a9 b3  |8..$.p=.B.]..4..|
0000a000  0f 14 e1 4e 17 1f 97 96  a2 c4 13 18 1c bb f0 00  |...N............|
0000a010  5e 8f af 62 d9 d1 ca 5c  31 91 a5 c5 22 11 83 b5  |^..b...\1..."...|
0000a020  b3 b6 94 3e 3c 5c 50 60  65 5d 54 d0 43 31 b9 ab  |...><\P`e]T.C1..|
0000a030  58 f6 86 ff b5 eb 91 b6  20 24 24 e8 94 ac ce c7  |X....... $$.....|
0000a040  8f f2 f2 78 3c 8f 80 66  4f e4 e5 49 0c 0e cd fe  |...x<..fO..I....|
0000a050  a8 3c 02 02 91 5d 9a a4  74 92 93 13 13 f5 76 4c  |.<...]..t.....vL|
0000a060  4e 08 39 e6 b7 5b 62 f1  87 d3 15 33 ae 77 27 fd  |N.9..[b....3.w'.|
0000a070  40 6c c1 39 4d 84 85 f3  70 59 ea 33 66 dc ef 30  |@l.9M...pY.3f..0|
0000a080  e2 d2 05 b8 2c 36 12 53  ef f5 6c a6 23 29 09 ef  |....,6.S..l.#)..|
0000a090  9d 68 56 b7 2a 28 74 d5  cf eb 72 75 d6 41 18 f5  |.hV.*(t...ru.A..|
0000a0a0  f5 9d 07 3d c0 3c 68 9d  57 78 3e 30 d0 e9 04 97  |...=.<h.Wx>0....|
0000a0b0  ed ea b7 34 7b 92 6d ce  8a 75 c5 90 ac 75 bc bd  |...4{.m..u...u..|
0000a0c0  e5 e5 87 3f f0 27 78 76  21 35 7e 1f c0 68 06 23  |...?.'xv!5~..h.#|
0000a0d0  32 32 5d 31 38 8a 42 76  f0 a7 22 87 32 3b 16 16  |22]18.Bv..".2;..|
0000a0e0  f4 42 47 6b a2 58 e2 f7  cf 76 57 b8 93 48 45 45  |.BGk.X...vW..HEE|
0000a0f0  bb b1 11 72 72 fe cd 7e  3e ac d5 78 0b 92 e8 57  |...rr..~>..x...W|
0000a100  fb 19 dc bb e7 46 26 26  f0 f4 b7 03 03 9f 3e 5d  |.....F&&......>]|
0000a110  97 74 74 44 2a 20 83 54  55 3a 43 d3 ef e7 5b 5b  |.ttD* .TU:C...[[|
0000a120  cd 9f ac a0 df 3f 58 5f  90 9b 05 f1 f7 1f 67 7b  |.....?X_......g{|
0000a130  3d c3 0e e9 ea ca ae ac  38 bb 6b 65 9a 81 c1 31  |=.......8.ke...1|
0000a140  56 eb 7c 1a fd a8 ff 1e  6d 72 29 6c 76 e6 b4 ac  |V.|.....mr)lv...|
0000a150  0e 12 e9 8a 71 04 d1 30  7e ea 40 d6 bb 99 37 d7  |....q..0~.@...7.|
0000a160  9c 9d ec 5b df 66 e4 68  75 cf 8e d3 19 cc 03 e2  |...[.f.hu.......|
0000a170  16 72 29 a3 d5 9e ac 32  00 06 13 0a 11 65 45 96  |.r)....2.....eE.|
0000a180  45 0f 87 d3 ca 27 6c 4f  f8 6e a9 1b 1c f4 e3 3f  |E....'lO.n.....?|
0000a190  71 64 6b c8 8e d5 e9 1c  c7 ff 96 0c 56 d4 d8 b7  |qdk.........V...|
0000a1a0  e1 0e 4f cd 54 92 00 0a  5c 0d ab fe 96 11 f4 64  |..O.T...\......d|
0000a1b0  41 78 0c ec 10 a6 3f 12  d7 d0 20 09 40 2d 41 b9  |Ax....?... .@-A.|
0000a1c0  2e d5 cf 0f a9 1d 5f 60  32 0f 28 81 6f a5 09 6e  |......_`2.(.o..n|
0000a1d0  65 81 f7 64 c0 1f a3 eb  a7 45 1b 23 23 be 8d c3  |e..d.....E.##...|
0000a1e0  8d fd a5 d4 f0 1c cd 25  56 23 b5 ab 5d 06 68 61  |.......%V#..].ha|
0000a1f0  13 a7 9c 4e 1f 31 b7 90  19 18 d5 b2 c2 5d f2 58  |...N.1.......].X|
0000a200  ee 19 44 8d 52 07 07 f9  1c ee 4a c2 6b 26 33 8e  |..D.R.....J.k&3.|
0000a210  2b 33 f2 e1 dd f0 fd 56  60 60 94 bb 02 0c 13 4c  |+3.....V``.....L|
0000a220  55 40 0a 17 7c 8d d1 1e  de e5 4d 81 a7 52 bd 0e  |U@..|.....M..R..|
0000a230  29 d3 a3 75 68 f7 2a c2  b1 54 44 f0 c5 2f 4b 25  |)..uh.*..TD../K%|
0000a240  f9 04 6e f6 4b 4b 01 b3  44 a3 08 39 d1 3d b5 69  |..n.KK..D..9.=.i|
0000a250  68 10 13 23 71 33 87 c3  88 5b 44 a7 f6 f5 79 57  |h..#q3...[D...yW|
0000a260  01 4f 07 33 95 1c a7 5d  fb fa 62 62 aa 7c fa 4b  |.O.3...]..bb.|.K|
0000a270  6d 49 f4 e6 ed 4f f5 02  41 79 79 b6 18 3f b9 e3  |mI...O..Ayy..?..|
0000a280  e3 dd a1 6c 72 e4 04 2c  fa 11 93 f9 c6 d6 46 d4  |...lr..,......F.|
0000a290  d8 0f 7c fe 5c 13 40 a3  69 1c c7 71 9a a7 83 a9  |..|.\.@.i..q....|
0000a2a0  5e 24 8d fc aa 80 f1 b1  ae d0 6c 55 25 b5 85 45  |^$........lU%..E|
0000a2b0  1b 42 cd bf 6e 5d 5d b7  0c 24 f5 f6 b2 35 80 91  |.B..n]]..$...5..|
0000a2c0  da 9c 5b 38 ac c4 6a ca  45 95 34 ef 40 05 f1 d7  |..[8..j.E.4.@...|
0000a2d0  47 07 5a b8 55 e1 46 46  db 22 25 e0 d1 2b 2b db  |G.Z.U.FF."%..++.|
0000a2e0  92 fe 94 6d 75 e0 51 79  86 e2 51 c2 5c 0f 13 d6  |...mu.Qy..Q.\...|
0000a2f0  1b 6e 31 5a bb f3 6b a6  f2 5c 54 95 4d 64 b1 ab  |.n1Z..k..\T.Md..|
0000a300  7e 3e 6b 49 38 54 b1 65  3d a0 b9 b5 ae 7d bb f5  |~>kI8T.e=....}..|
0000a310  8c b2 b2 49 00 00 5c 0a  5e 43 ba 84 11 89 be 63  |...I..\.^C.....c|
0000a320  dd f9 26 81 ca 60 7f e6  f0 f8 d9 6a 33 73 c8 51  |..&..`.....j3s.Q|
0000a330  d1 8a 23 16 7b f1 0b ef  a3 d4 e6 61 fd 52 2b 89  |..#.{......a.R+.|
0000a340  a0 a0 ba 60 87 44 06 8a  fa 26 bb b7 f4 98 de c9  |...`.D...&......|
0000a350  c9 89 a4 be e2 d7 62 6c  fc 04 d9 9c 80 ad 99 fe  |......bl........|
0000a360  da 96 be 2e 24 02 fa 3f  bf 9c 4e 0d e9 b0 2a ee  |....$..?..N...*.|
0000a370  ca cb d1 82 c8 fa f9 9d  99 76 9d 98 68 6e 26 93  |.........v..hn&.|
0000a380  69 b4 80 00 3a 7d df df  19 ef 06 cb c1 62 94 97  |i...:}.......b..|
0000a390  67 66 ce b4 63 6b bb fb  d6 04 25 b0 8f 2d 41 33  |gf..ck....%..-A3|
0000a3a0  ed 3f 7e 8c 8c 88 44 e3  2f 25 00 36 7b 75 f5 4c  |.?~...D./%.6{u.L|
0000a3b0  ce 48 c0 ef 07 9f d9 51  9e 55 d3 e8 23 43 86 c6  |.H.....Q.U..#C..|
0000a3c0  b6 49 0f db f6 ef 21 11  ad 8a 9b 08 b4 26 d6 06  |.I....!......&..|
0000a3d0  5b 49 f6 85 35 60 6e 5e  50 78 47 d3 56 a4 a4 0b  |[I..5`n^PxG.V...|
0000a3e0  3b d4 7e 96 51 07 35 f3  2c 87 25 44 8b 12 1e 7b  |;.~.Q.5.,.%D...{|
0000a3f0  d8 36 5e f1 45 dd 43 0c  b2 99 89 71 49 6f d0 d7  |.6^.E.C....qIo..|
0000a400  56 82 7d 0b 51 8c f0 fe  7b 87 f7 c9 e4 40 f6 ef  |V.}.Q...{....@..|
0000a410  57 41 a3 8f e4 43 0e 5e  99 54 57 5e 5b 7b 1f c7  |WA...C.^.TW^[{..|
0000a420  ed 2b 2e a4 d8 fd 12 b4  b4 fc f3 cf 0d 05 12 71  |.+.............q|
0000a430  6d 59 cb 8a 68 59 ff ab  a7 90 c9 ac a9 29 28 48  |mY..hY.......)(H|
0000a440  1b 6d 68 64 f8 09 40 6f  b2 b3 fd f8 b4 cb cb eb  |.mhd..@o........|
0000a450  da 74 7a 2c a3 bd 3d 22  22 33 33 f6 04 8d 92 d9  |.tz,..=""33.....|
0000a460  95 63 37 32 72 f5 aa e6  89 e9 b9 f6 50 94 0f 91  |.c72r.......P...|
0000a470  44 b1 fa c2 ef 9b 51 55  0d 0b 27 11 9b 13 cb 5f  |D.....QU..'...._|
0000a480  12 5e 35 7d ff c1 8c 9d  fd 58 35 3f 7f fb 76 e2  |.^5}.....X5?..v.|
0000a490  4f b4 91 72 f7 87 fa a7  bf 1d 17 6c b9 21 6c 3d  |O..r.......l.!l=|
0000a4a0  1d 3b 2a 28 27 af 7d 9a  d0 00 d3 62 f4 52 29 9c  |.;*('.}....b.R).|
0000a4b0  d9 ee 8d 8d d8 44 2f 2f  84 34 be c4 29 5e 80 f3  |.....D//.4..)^..|
0000a4c0  f5 25 10 5c 6f 57 57 53  b1 9e 9e a7 4e 45 54 bb  |.%.\oWWS....NET.|
0000a4d0  80 d5 16 66 da 30 97 6b  8b 2c 97 6b 59 b1 b1 42  |...f.0.k.,.kY..B|
0000a4e0  61 b6 fa 6e 79 19 27 17  de e2 e2 e2 f3 aa 90 7a  |a..ny.'........z|
0000a4f0  98 b5 83 ee 12 1f d8 b5  2b df a4 ca 0b a4 c0 66  |........+......f|
0000a500  bb 15 57 4e 48 4c 89 36  3a 9d e4 b9 49 fd 99 f3  |..WNHL.6:...I...|
0000a510  61 2a 69 b3 0b a4 1f 4f  19 1b 64 43 6e df b7 6f  |a*i....O..dCn..o|
0000a520  d4 70 4c df 67 16 a7 a3  63 32 79 f0 e9 80 87 75  |.pL.g...c2y....u|
0000a530  53 48 c7 f5 eb ed 39 51  91 d9 59 52 c0 a7 fa 99  |SH....9Q..YR....|
0000a540  a2 a8 f3 b5 73 b1 3e d5  ec 17 d8 ee 07 84 8f 73  |....s.>........s|
0000a550  d1 32 c9 9c e1 fe a1 b8  0e f9 a8 28 25 a5 90 10  |.2.........(%...|
0000a560  3d 3d f1 02 81 28 5b 1a  b7 b5 f1 f3 87 18 07 37  |==...([........7|
0000a570  52 47 07 07 ff 09 ee ed  cf 82 54 b1 0c d4 9b bd  |RG........T.....|
0000a580  ab 54 f6 9d 3d 6b c7 42  16 f1 27 df c4 3b 37 05  |.T..=k.B..'..;7.|
0000a590  7a 78 38 dd a4 50 68 78  3c de e5 7d 0b 79 72 d2  |zx8..Phx<..}.yr.|
0000a5a0  74 ec b9 2f a0 a9 e9 59  d1 bc 71 96 bb 1c 15 5e  |t../...Y..q....^|
0000a5b0  e1 21 17 05 71 73 0b 5e  61 e2 f3 f4 c1 e0 89 57  |.!..qs.^a......W|
0000a5c0  f5 18 64 4c 8c 83 03 fc  fa e3 2f 9b 25 37 89 fa  |..dL....../.%7..|
0000a5d0  27 53 76 92 dd dd 41 20  48 7e 1d 14 48 9b 1a 0d  |'Sv...A H~..H...|
0000a5e0  1c ad a1 d5 75 f6 ef 2c  59 f2 60 81 9c ce ce b0  |....u..,Y.`.....|
0000a5f0  6e 7d d7 ce de de 1e 69  74 43 e8 7a 64 ca 4e cc  |n}.....itC.zd.N.|
0000a600  cc 6f f7 86 2a a8 0b ab  02 33 b3 b6 b6 0c f8 e9  |.o..*....3......|
0000a610  36 ff a6 c9 49 8d 53 46  e2 c6 7f 16 ad 73 fa 4b  |6...I.SF.....s.K|
0000a620  cb af 02 b9 2e f8 94 b6  db db 77 56 65 55 d9 77  |..........wVeU.w|
0000a630  0c 0c 46 6b 0e 1f 4e aa  8c b8 32 36 3d dd 10 3b  |..Fk..N...26=..;|
0000a640  7b 83 5a 42 a1 90 c1 aa  d4 da 94 f9 81 a1 8a 95  |{.ZB............|
0000a650  15 2d 9e b4 56 6d 20 8b  cf 37 61 5d 5b bd b4 1c  |.-..Vm ..7a][...|
0000a660  70 f7 d2 ea 7c 13 21 e2  ca e2 d2 4e 17 5f 2b 8b  |p...|.!....N._+.|
0000a670  95 82 48 9f 53 f2 58 8d  ea 10 6d 1e 3e 23 49 09  |..H.S.X...m.>#I.|
0000a680  f4 59 7f 8c b3 3e 51 62  b7 cc 7b 86 42 52 34 21  |.Y...>Qb..{.BR4!|
0000a690  3e 7f 92 be 3a ed 80 2d  ac 61 c4 ef f8 36 06 a1  |>...:..-.a...6..|
0000a6a0  2e 59 cf 33 a6 72 d3 cc  94 19 ad a3 a7 67 1c 31  |.Y.3.r.......g.1|
0000a6b0  6e 51 3e 38 b9 dd b4 2c  23 33 d2 c9 9f 6a f3 52  |nQ>8...,#3...j.R|
0000a6c0  2f 9d 9c dc ee f7 fa c0  e2 e4 72 2e da 92 46 3e  |/.........r...F>|
0000a6d0  cd f3 b7 1f d3 57 a6 1d  12 12 d0 05 42 bb 4c 5d  |.....W......B.L]|
0000a6e0  f3 78 d2 1a b0 38 be 5e  4f 48 db 36 38 2d 6f 94  |.x...8.^OH.68-o.|
0000a6f0  ae 28 fc 34 39 b3 37 4a  cc 56 d0 3a 45 f8 8b b4  |.(.49.7J.V.:E...|
0000a700  b4 0c c5 32 b9 7d e2 40  44 50 90 4e fa 25 29 a9  |...2.}.@DP.N.%).|
0000a710  bd 3a 08 35 15 b4 ac 0e  bb a5 05 2e fb 41 46 46  |.:.5.........AFF|
0000a720  19 7e d3 e2 ff 39 75 47  42 98 90 fa b2 a4 7a cd  |.~...9uGB.....z.|
0000a730  49 bc 76 1f 8e 77 40 c7  87 5e 8c 0f 83 85 c4 86  |I.v..w@..^......|
0000a740  89 09 30 85 9a 9a 19 43  cd 8c 8f 59 78 41 4d 61  |..0....C...YxAMa|
0000a750  d0 63 30 f3 e3 86 50 28  0c 0a 55 c3 2a de ff af  |.c0...P(..U.*...|
0000a760  82 88 a8 50 2c 26 f1 7f  17 e0 cc 2b 8f fc e7 54  |...P,&.....+...T|
0000a770  70 76 70 43 d4 c0 83 ae  ff 1b 50 4b 01 02 1e 03  |pvpC......PK....|
0000a780  0a 00 00 00 00 00 37 10  70 56 00 00 00 00 00 00  |......7.pV......|
0000a790  00 00 00 00 00 00 07 00  18 00 00 00 00 00 00 00  |................|
0000a7a0  10 00 ed 41 00 00 00 00  73 65 63 72 65 74 2f 55  |...A....secret/U|
0000a7b0  54 05 00 03 89 78 12 64  75 78 0b 00 01 04 00 00  |T....x.dux......|
0000a7c0  00 00 04 00 00 00 00 50  4b 01 02 1e 03 14 00 00  |.......PK.......|
0000a7d0  00 08 00 37 10 70 56 90  ce 3f 0a b5 0b 00 00 50  |...7.pV..?.....P|
0000a7e0  0c 00 00 0f 00 18 00 00  00 00 00 00 00 00 00 a4  |................|
0000a7f0  81 41 00 00 00 73 65 63  72 65 74 2f 66 6c 61 67  |.A...secret/flag|
0000a800  2e 70 6e 67 55 54 05 00  03 89 78 12 64 75 78 0b  |.pngUT....x.dux.|
0000a810  00 01 04 00 00 00 00 04  00 00 00 00 50 4b 05 06  |............PK..|
0000a820  00 00 00 00 02 00 02 00  a2 00 00 00 3f 0c 00 00  |............?...|
0000a830  00 00                                             |..|
0000a832
